storecode,sku,transdate,transtype,qty
001,SKU000001,"20260601 ",I,10
001,SKU000002,"20260601 ",I,10
001,SKU000003,"20260601 ",I,10
001,SKU000004,"20260601 ",I,10
001,SKU000005,"20260601 ",I,10
001,SKU000006,"20260601 ",I,10
001,SKU000007,"20260601 ",I,10
001,SKU000008,"20260601 ",I,10
001,SKU000009,"20260601 ",I,10
001,SKU000010,"20260601 ",I,10
001,SKU000011,"20260601 ",I,10
001,SKU000012,"20260601 ",I,10
001,SKU000013,"20260601 ",I,10
001,SKU000014,"20260601 ",I,10
001,SKU000015,"20260601 ",I,10
001,SKU000016,"20260601 ",I,10
001,SKU000017,"20260601 ",I,10
001,SKU000018,"20260601 ",I,10
001,SKU000019,"20260601 ",I,10
001,SKU000020,"20260601 ",I,10
001,SKU000021,"20260601 ",I,10
001,SKU000022,"20260601 ",I,10
001,SKU000023,"20260601 ",I,10
001,SKU000024,"20260601 ",I,10
001,SKU000025,"20260601 ",I,10
001,SKU000026,"20260601 ",I,10
001,SKU000027,"20260601 ",I,10
001,SKU000028,"20260601 ",I,10
001,SKU000029,"20260601 ",I,10
001,SKU000030,"20260601 ",I,10
001,SKU000031,"20260601 ",I,10
001,SKU000032,"20260601 ",I,10
001,SKU000033,"20260601 ",I,10
001,SKU000034,"20260601 ",I,10
001,SKU000035,"20260601 ",I,10
001,SKU000036,"20260601 ",I,10
001,SKU000037,"20260601 ",I,10
001,SKU000038,"20260601 ",I,10
001,SKU000039,"20260601 ",I,10
001,SKU000040,"20260601 ",I,10
001,SKU000041,"20260601 ",I,10
001,SKU000042,"20260601 ",I,10
001,SKU000043,"20260601 ",I,10
001,SKU000044,"20260601 ",I,10
001,SKU000045,"20260601 ",I,10
001,SKU000046,"20260601 ",I,10
001,SKU000047,"20260601 ",I,10
001,SKU000048,"20260601 ",I,10
001,SKU000049,"20260601 ",I,10
001,SKU000050,"20260601 ",I,10
001,SKU000051,"20260601 ",I,10
001,SKU000052,"20260601 ",I,10
001,SKU000053,"20260601 ",I,10
001,SKU000054,"20260601 ",I,10
001,SKU000055,"20260601 ",I,10
001,SKU000056,"20260601 ",I,10
001,SKU000057,"20260601 ",I,10
001,SKU000058,"20260601 ",I,10
001,SKU000059,"20260601 ",I,10
001,SKU000060,"20260601 ",I,10
001,SKU000061,"20260601 ",I,10
001,SKU000062,"20260601 ",I,10
001,SKU000063,"20260601 ",I,10
001,SKU000064,"20260601 ",I,10
001,SKU000065,"20260601 ",I,10
001,SKU000066,"20260601 ",I,10
001,SKU000067,"20260601 ",I,10
001,SKU000068,"20260601 ",I,10
001,SKU000069,"20260601 ",I,10
001,SKU000070,"20260601 ",I,10
001,SKU000071,"20260601 ",I,10
001,SKU000072,"20260601 ",I,10
001,SKU000073,"20260601 ",I,10
001,SKU000074,"20260601 ",I,10
001,SKU000075,"20260601 ",I,10
001,SKU000076,"20260601 ",I,10
001,SKU000077,"20260601 ",I,10
001,SKU000078,"20260601 ",I,10
001,SKU000079,"20260601 ",I,10
001,SKU000080,"20260601 ",I,10
001,SKU000081,"20260601 ",I,10
001,SKU000082,"20260601 ",I,10
001,SKU000083,"20260601 ",I,10
001,SKU000084,"20260601 ",I,10
001,SKU000085,"20260601 ",I,10
001,SKU000086,"20260601 ",I,10
001,SKU000087,"20260601 ",I,10
001,SKU000088,"20260601 ",I,10
001,SKU000089,"20260601 ",I,10
001,SKU000090,"20260601 ",I,10
001,SKU000091,"20260601 ",I,10
001,SKU000092,"20260601 ",I,10
001,SKU000093,"20260601 ",I,10
001,SKU000094,"20260601 ",I,10
001,SKU000095,"20260601 ",I,10
001,SKU000096,"20260601 ",I,10
001,SKU000097,"20260601 ",I,10
001,SKU000098,"20260601 ",I,10
001,SKU000099,"20260601 ",I,10
001,SKU000100,"20260601 ",I,10
002,SKU000001,"20260601 ",I,10
002,SKU000002,"20260601 ",I,10
002,SKU000003,"20260601 ",I,10
002,SKU000004,"20260601 ",I,10
002,SKU000005,"20260601 ",I,10
002,SKU000006,"20260601 ",I,10
002,SKU000007,"20260601 ",I,10
002,SKU000008,"20260601 ",I,10
002,SKU000009,"20260601 ",I,10
002,SKU000010,"20260601 ",I,10
002,SKU000011,"20260601 ",I,10
002,SKU000012,"20260601 ",I,10
002,SKU000013,"20260601 ",I,10
002,SKU000014,"20260601 ",I,10
002,SKU000015,"20260601 ",I,10
002,SKU000016,"20260601 ",I,10
002,SKU000017,"20260601 ",I,10
002,SKU000018,"20260601 ",I,10
002,SKU000019,"20260601 ",I,10
002,SKU000020,"20260601 ",I,10
002,SKU000021,"20260601 ",I,10
002,SKU000022,"20260601 ",I,10
002,SKU000023,"20260601 ",I,10
002,SKU000024,"20260601 ",I,10
002,SKU000025,"20260601 ",I,10
002,SKU000026,"20260601 ",I,10
002,SKU000027,"20260601 ",I,10
002,SKU000028,"20260601 ",I,10
002,SKU000029,"20260601 ",I,10
002,SKU000030,"20260601 ",I,10
002,SKU000031,"20260601 ",I,10
002,SKU000032,"20260601 ",I,10
002,SKU000033,"20260601 ",I,10
002,SKU000034,"20260601 ",I,10
002,SKU000035,"20260601 ",I,10
002,SKU000036,"20260601 ",I,10
002,SKU000037,"20260601 ",I,10
002,SKU000038,"20260601 ",I,10
002,SKU000039,"20260601 ",I,10
002,SKU000040,"20260601 ",I,10
002,SKU000041,"20260601 ",I,10
002,SKU000042,"20260601 ",I,10
002,SKU000043,"20260601 ",I,10
002,SKU000044,"20260601 ",I,10
002,SKU000045,"20260601 ",I,10
002,SKU000046,"20260601 ",I,10
002,SKU000047,"20260601 ",I,10
002,SKU000048,"20260601 ",I,10
002,SKU000049,"20260601 ",I,10
002,SKU000050,"20260601 ",I,10
002,SKU000051,"20260601 ",I,10
002,SKU000052,"20260601 ",I,10
002,SKU000053,"20260601 ",I,10
002,SKU000054,"20260601 ",I,10
002,SKU000055,"20260601 ",I,10
002,SKU000056,"20260601 ",I,10
002,SKU000057,"20260601 ",I,10
002,SKU000058,"20260601 ",I,10
002,SKU000059,"20260601 ",I,10
002,SKU000060,"20260601 ",I,10
002,SKU000061,"20260601 ",I,10
002,SKU000062,"20260601 ",I,10
002,SKU000063,"20260601 ",I,10
002,SKU000064,"20260601 ",I,10
002,SKU000065,"20260601 ",I,10
002,SKU000066,"20260601 ",I,10
002,SKU000067,"20260601 ",I,10
002,SKU000068,"20260601 ",I,10
002,SKU000069,"20260601 ",I,10
002,SKU000070,"20260601 ",I,10
002,SKU000071,"20260601 ",I,10
002,SKU000072,"20260601 ",I,10
002,SKU000073,"20260601 ",I,10
002,SKU000074,"20260601 ",I,10
002,SKU000075,"20260601 ",I,10
002,SKU000076,"20260601 ",I,10
002,SKU000077,"20260601 ",I,10
002,SKU000078,"20260601 ",I,10
002,SKU000079,"20260601 ",I,10
002,SKU000080,"20260601 ",I,10
002,SKU000081,"20260601 ",I,10
002,SKU000082,"20260601 ",I,10
002,SKU000083,"20260601 ",I,10
002,SKU000084,"20260601 ",I,10
002,SKU000085,"20260601 ",I,10
002,SKU000086,"20260601 ",I,10
002,SKU000087,"20260601 ",I,10
002,SKU000088,"20260601 ",I,10
002,SKU000089,"20260601 ",I,10
002,SKU000090,"20260601 ",I,10
002,SKU000091,"20260601 ",I,10
002,SKU000092,"20260601 ",I,10
002,SKU000093,"20260601 ",I,10
002,SKU000094,"20260601 ",I,10
002,SKU000095,"20260601 ",I,10
002,SKU000096,"20260601 ",I,10
002,SKU000097,"20260601 ",I,10
002,SKU000098,"20260601 ",I,10
002,SKU000099,"20260601 ",I,10
002,SKU000100,"20260601 ",I,10
003,SKU000001,"20260601 ",I,10
003,SKU000002,"20260601 ",I,10
003,SKU000003,"20260601 ",I,10
003,SKU000004,"20260601 ",I,10
003,SKU000005,"20260601 ",I,10
003,SKU000006,"20260601 ",I,10
003,SKU000007,"20260601 ",I,10
003,SKU000008,"20260601 ",I,10
003,SKU000009,"20260601 ",I,10
003,SKU000010,"20260601 ",I,10
003,SKU000011,"20260601 ",I,10
003,SKU000012,"20260601 ",I,10
003,SKU000013,"20260601 ",I,10
003,SKU000014,"20260601 ",I,10
003,SKU000015,"20260601 ",I,10
003,SKU000016,"20260601 ",I,10
003,SKU000017,"20260601 ",I,10
003,SKU000018,"20260601 ",I,10
003,SKU000019,"20260601 ",I,10
003,SKU000020,"20260601 ",I,10
003,SKU000021,"20260601 ",I,10
003,SKU000022,"20260601 ",I,10
003,SKU000023,"20260601 ",I,10
003,SKU000024,"20260601 ",I,10
003,SKU000025,"20260601 ",I,10
003,SKU000026,"20260601 ",I,10
003,SKU000027,"20260601 ",I,10
003,SKU000028,"20260601 ",I,10
003,SKU000029,"20260601 ",I,10
003,SKU000030,"20260601 ",I,10
003,SKU000031,"20260601 ",I,10
003,SKU000032,"20260601 ",I,10
003,SKU000033,"20260601 ",I,10
003,SKU000034,"20260601 ",I,10
003,SKU000035,"20260601 ",I,10
003,SKU000036,"20260601 ",I,10
003,SKU000037,"20260601 ",I,10
003,SKU000038,"20260601 ",I,10
003,SKU000039,"20260601 ",I,10
003,SKU000040,"20260601 ",I,10
003,SKU000041,"20260601 ",I,10
003,SKU000042,"20260601 ",I,10
003,SKU000043,"20260601 ",I,10
003,SKU000044,"20260601 ",I,10
003,SKU000045,"20260601 ",I,10
003,SKU000046,"20260601 ",I,10
003,SKU000047,"20260601 ",I,10
003,SKU000048,"20260601 ",I,10
003,SKU000049,"20260601 ",I,10
003,SKU000050,"20260601 ",I,10
003,SKU000051,"20260601 ",I,10
003,SKU000052,"20260601 ",I,10
003,SKU000053,"20260601 ",I,10
003,SKU000054,"20260601 ",I,10
003,SKU000055,"20260601 ",I,10
003,SKU000056,"20260601 ",I,10
003,SKU000057,"20260601 ",I,10
003,SKU000058,"20260601 ",I,10
003,SKU000059,"20260601 ",I,10
003,SKU000060,"20260601 ",I,10
003,SKU000061,"20260601 ",I,10
003,SKU000062,"20260601 ",I,10
003,SKU000063,"20260601 ",I,10
003,SKU000064,"20260601 ",I,10
003,SKU000065,"20260601 ",I,10
003,SKU000066,"20260601 ",I,10
003,SKU000067,"20260601 ",I,10
003,SKU000068,"20260601 ",I,10
003,SKU000069,"20260601 ",I,10
003,SKU000070,"20260601 ",I,10
003,SKU000071,"20260601 ",I,10
003,SKU000072,"20260601 ",I,10
003,SKU000073,"20260601 ",I,10
003,SKU000074,"20260601 ",I,10
003,SKU000075,"20260601 ",I,10
003,SKU000076,"20260601 ",I,10
003,SKU000077,"20260601 ",I,10
003,SKU000078,"20260601 ",I,10
003,SKU000079,"20260601 ",I,10
003,SKU000080,"20260601 ",I,10
003,SKU000081,"20260601 ",I,10
003,SKU000082,"20260601 ",I,10
003,SKU000083,"20260601 ",I,10
003,SKU000084,"20260601 ",I,10
003,SKU000085,"20260601 ",I,10
003,SKU000086,"20260601 ",I,10
003,SKU000087,"20260601 ",I,10
003,SKU000088,"20260601 ",I,10
003,SKU000089,"20260601 ",I,10
003,SKU000090,"20260601 ",I,10
003,SKU000091,"20260601 ",I,10
003,SKU000092,"20260601 ",I,10
003,SKU000093,"20260601 ",I,10
003,SKU000094,"20260601 ",I,10
003,SKU000095,"20260601 ",I,10
003,SKU000096,"20260601 ",I,10
003,SKU000097,"20260601 ",I,10
003,SKU000098,"20260601 ",I,10
003,SKU000099,"20260601 ",I,10
003,SKU000100,"20260601 ",I,10
004,SKU000001,"20260601 ",I,10
004,SKU000002,"20260601 ",I,10
004,SKU000003,"20260601 ",I,10
004,SKU000004,"20260601 ",I,10
004,SKU000005,"20260601 ",I,10
004,SKU000006,"20260601 ",I,10
004,SKU000007,"20260601 ",I,10
004,SKU000008,"20260601 ",I,10
004,SKU000009,"20260601 ",I,10
004,SKU000010,"20260601 ",I,10
004,SKU000011,"20260601 ",I,10
004,SKU000012,"20260601 ",I,10
004,SKU000013,"20260601 ",I,10
004,SKU000014,"20260601 ",I,10
004,SKU000015,"20260601 ",I,10
004,SKU000016,"20260601 ",I,10
004,SKU000017,"20260601 ",I,10
004,SKU000018,"20260601 ",I,10
004,SKU000019,"20260601 ",I,10
004,SKU000020,"20260601 ",I,10
004,SKU000021,"20260601 ",I,10
004,SKU000022,"20260601 ",I,10
004,SKU000023,"20260601 ",I,10
004,SKU000024,"20260601 ",I,10
004,SKU000025,"20260601 ",I,10
004,SKU000026,"20260601 ",I,10
004,SKU000027,"20260601 ",I,10
004,SKU000028,"20260601 ",I,10
004,SKU000029,"20260601 ",I,10
004,SKU000030,"20260601 ",I,10
004,SKU000031,"20260601 ",I,10
004,SKU000032,"20260601 ",I,10
004,SKU000033,"20260601 ",I,10
004,SKU000034,"20260601 ",I,10
004,SKU000035,"20260601 ",I,10
004,SKU000036,"20260601 ",I,10
004,SKU000037,"20260601 ",I,10
004,SKU000038,"20260601 ",I,10
004,SKU000039,"20260601 ",I,10
004,SKU000040,"20260601 ",I,10
004,SKU000041,"20260601 ",I,10
004,SKU000042,"20260601 ",I,10
004,SKU000043,"20260601 ",I,10
004,SKU000044,"20260601 ",I,10
004,SKU000045,"20260601 ",I,10
004,SKU000046,"20260601 ",I,10
004,SKU000047,"20260601 ",I,10
004,SKU000048,"20260601 ",I,10
004,SKU000049,"20260601 ",I,10
004,SKU000050,"20260601 ",I,10
004,SKU000051,"20260601 ",I,10
004,SKU000052,"20260601 ",I,10
004,SKU000053,"20260601 ",I,10
004,SKU000054,"20260601 ",I,10
004,SKU000055,"20260601 ",I,10
004,SKU000056,"20260601 ",I,10
004,SKU000057,"20260601 ",I,10
004,SKU000058,"20260601 ",I,10
004,SKU000059,"20260601 ",I,10
004,SKU000060,"20260601 ",I,10
004,SKU000061,"20260601 ",I,10
004,SKU000062,"20260601 ",I,10
004,SKU000063,"20260601 ",I,10
004,SKU000064,"20260601 ",I,10
004,SKU000065,"20260601 ",I,10
004,SKU000066,"20260601 ",I,10
004,SKU000067,"20260601 ",I,10
004,SKU000068,"20260601 ",I,10
004,SKU000069,"20260601 ",I,10
004,SKU000070,"20260601 ",I,10
004,SKU000071,"20260601 ",I,10
004,SKU000072,"20260601 ",I,10
004,SKU000073,"20260601 ",I,10
004,SKU000074,"20260601 ",I,10
004,SKU000075,"20260601 ",I,10
004,SKU000076,"20260601 ",I,10
004,SKU000077,"20260601 ",I,10
004,SKU000078,"20260601 ",I,10
004,SKU000079,"20260601 ",I,10
004,SKU000080,"20260601 ",I,10
004,SKU000081,"20260601 ",I,10
004,SKU000082,"20260601 ",I,10
004,SKU000083,"20260601 ",I,10
004,SKU000084,"20260601 ",I,10
004,SKU000085,"20260601 ",I,10
004,SKU000086,"20260601 ",I,10
004,SKU000087,"20260601 ",I,10
004,SKU000088,"20260601 ",I,10
004,SKU000089,"20260601 ",I,10
004,SKU000090,"20260601 ",I,10
004,SKU000091,"20260601 ",I,10
004,SKU000092,"20260601 ",I,10
004,SKU000093,"20260601 ",I,10
004,SKU000094,"20260601 ",I,10
004,SKU000095,"20260601 ",I,10
004,SKU000096,"20260601 ",I,10
004,SKU000097,"20260601 ",I,10
004,SKU000098,"20260601 ",I,10
004,SKU000099,"20260601 ",I,10
004,SKU000100,"20260601 ",I,10
005,SKU000001,"20260601 ",I,10
005,SKU000002,"20260601 ",I,10
005,SKU000003,"20260601 ",I,10
005,SKU000004,"20260601 ",I,10
005,SKU000005,"20260601 ",I,10
005,SKU000006,"20260601 ",I,10
005,SKU000007,"20260601 ",I,10
005,SKU000008,"20260601 ",I,10
005,SKU000009,"20260601 ",I,10
005,SKU000010,"20260601 ",I,10
005,SKU000011,"20260601 ",I,10
005,SKU000012,"20260601 ",I,10
005,SKU000013,"20260601 ",I,10
005,SKU000014,"20260601 ",I,10
005,SKU000015,"20260601 ",I,10
005,SKU000016,"20260601 ",I,10
005,SKU000017,"20260601 ",I,10
005,SKU000018,"20260601 ",I,10
005,SKU000019,"20260601 ",I,10
005,SKU000020,"20260601 ",I,10
005,SKU000021,"20260601 ",I,10
005,SKU000022,"20260601 ",I,10
005,SKU000023,"20260601 ",I,10
005,SKU000024,"20260601 ",I,10
005,SKU000025,"20260601 ",I,10
005,SKU000026,"20260601 ",I,10
005,SKU000027,"20260601 ",I,10
005,SKU000028,"20260601 ",I,10
005,SKU000029,"20260601 ",I,10
005,SKU000030,"20260601 ",I,10
005,SKU000031,"20260601 ",I,10
005,SKU000032,"20260601 ",I,10
005,SKU000033,"20260601 ",I,10
005,SKU000034,"20260601 ",I,10
005,SKU000035,"20260601 ",I,10
005,SKU000036,"20260601 ",I,10
005,SKU000037,"20260601 ",I,10
005,SKU000038,"20260601 ",I,10
005,SKU000039,"20260601 ",I,10
005,SKU000040,"20260601 ",I,10
005,SKU000041,"20260601 ",I,10
005,SKU000042,"20260601 ",I,10
005,SKU000043,"20260601 ",I,10
005,SKU000044,"20260601 ",I,10
005,SKU000045,"20260601 ",I,10
005,SKU000046,"20260601 ",I,10
005,SKU000047,"20260601 ",I,10
005,SKU000048,"20260601 ",I,10
005,SKU000049,"20260601 ",I,10
005,SKU000050,"20260601 ",I,10
005,SKU000051,"20260601 ",I,10
005,SKU000052,"20260601 ",I,10
005,SKU000053,"20260601 ",I,10
005,SKU000054,"20260601 ",I,10
005,SKU000055,"20260601 ",I,10
005,SKU000056,"20260601 ",I,10
005,SKU000057,"20260601 ",I,10
005,SKU000058,"20260601 ",I,10
005,SKU000059,"20260601 ",I,10
005,SKU000060,"20260601 ",I,10
005,SKU000061,"20260601 ",I,10
005,SKU000062,"20260601 ",I,10
005,SKU000063,"20260601 ",I,10
005,SKU000064,"20260601 ",I,10
005,SKU000065,"20260601 ",I,10
005,SKU000066,"20260601 ",I,10
005,SKU000067,"20260601 ",I,10
005,SKU000068,"20260601 ",I,10
005,SKU000069,"20260601 ",I,10
005,SKU000070,"20260601 ",I,10
005,SKU000071,"20260601 ",I,10
005,SKU000072,"20260601 ",I,10
005,SKU000073,"20260601 ",I,10
005,SKU000074,"20260601 ",I,10
005,SKU000075,"20260601 ",I,10
005,SKU000076,"20260601 ",I,10
005,SKU000077,"20260601 ",I,10
005,SKU000078,"20260601 ",I,10
005,SKU000079,"20260601 ",I,10
005,SKU000080,"20260601 ",I,10
005,SKU000081,"20260601 ",I,10
005,SKU000082,"20260601 ",I,10
005,SKU000083,"20260601 ",I,10
005,SKU000084,"20260601 ",I,10
005,SKU000085,"20260601 ",I,10
005,SKU000086,"20260601 ",I,10
005,SKU000087,"20260601 ",I,10
005,SKU000088,"20260601 ",I,10
005,SKU000089,"20260601 ",I,10
005,SKU000090,"20260601 ",I,10
005,SKU000091,"20260601 ",I,10
005,SKU000092,"20260601 ",I,10
005,SKU000093,"20260601 ",I,10
005,SKU000094,"20260601 ",I,10
005,SKU000095,"20260601 ",I,10
005,SKU000096,"20260601 ",I,10
005,SKU000097,"20260601 ",I,10
005,SKU000098,"20260601 ",I,10
005,SKU000099,"20260601 ",I,10
005,SKU000100,"20260601 ",I,10
006,SKU000001,"20260601 ",I,10
006,SKU000002,"20260601 ",I,10
006,SKU000003,"20260601 ",I,10
006,SKU000004,"20260601 ",I,10
006,SKU000005,"20260601 ",I,10
006,SKU000006,"20260601 ",I,10
006,SKU000007,"20260601 ",I,10
006,SKU000008,"20260601 ",I,10
006,SKU000009,"20260601 ",I,10
006,SKU000010,"20260601 ",I,10
006,SKU000011,"20260601 ",I,10
006,SKU000012,"20260601 ",I,10
006,SKU000013,"20260601 ",I,10
006,SKU000014,"20260601 ",I,10
006,SKU000015,"20260601 ",I,10
006,SKU000016,"20260601 ",I,10
006,SKU000017,"20260601 ",I,10
006,SKU000018,"20260601 ",I,10
006,SKU000019,"20260601 ",I,10
006,SKU000020,"20260601 ",I,10
006,SKU000021,"20260601 ",I,10
006,SKU000022,"20260601 ",I,10
006,SKU000023,"20260601 ",I,10
006,SKU000024,"20260601 ",I,10
006,SKU000025,"20260601 ",I,10
006,SKU000026,"20260601 ",I,10
006,SKU000027,"20260601 ",I,10
006,SKU000028,"20260601 ",I,10
006,SKU000029,"20260601 ",I,10
006,SKU000030,"20260601 ",I,10
006,SKU000031,"20260601 ",I,10
006,SKU000032,"20260601 ",I,10
006,SKU000033,"20260601 ",I,10
006,SKU000034,"20260601 ",I,10
006,SKU000035,"20260601 ",I,10
006,SKU000036,"20260601 ",I,10
006,SKU000037,"20260601 ",I,10
006,SKU000038,"20260601 ",I,10
006,SKU000039,"20260601 ",I,10
006,SKU000040,"20260601 ",I,10
006,SKU000041,"20260601 ",I,10
006,SKU000042,"20260601 ",I,10
006,SKU000043,"20260601 ",I,10
006,SKU000044,"20260601 ",I,10
006,SKU000045,"20260601 ",I,10
006,SKU000046,"20260601 ",I,10
006,SKU000047,"20260601 ",I,10
006,SKU000048,"20260601 ",I,10
006,SKU000049,"20260601 ",I,10
006,SKU000050,"20260601 ",I,10
006,SKU000051,"20260601 ",I,10
006,SKU000052,"20260601 ",I,10
006,SKU000053,"20260601 ",I,10
006,SKU000054,"20260601 ",I,10
006,SKU000055,"20260601 ",I,10
006,SKU000056,"20260601 ",I,10
006,SKU000057,"20260601 ",I,10
006,SKU000058,"20260601 ",I,10
006,SKU000059,"20260601 ",I,10
006,SKU000060,"20260601 ",I,10
006,SKU000061,"20260601 ",I,10
006,SKU000062,"20260601 ",I,10
006,SKU000063,"20260601 ",I,10
006,SKU000064,"20260601 ",I,10
006,SKU000065,"20260601 ",I,10
006,SKU000066,"20260601 ",I,10
006,SKU000067,"20260601 ",I,10
006,SKU000068,"20260601 ",I,10
006,SKU000069,"20260601 ",I,10
006,SKU000070,"20260601 ",I,10
006,SKU000071,"20260601 ",I,10
006,SKU000072,"20260601 ",I,10
006,SKU000073,"20260601 ",I,10
006,SKU000074,"20260601 ",I,10
006,SKU000075,"20260601 ",I,10
006,SKU000076,"20260601 ",I,10
006,SKU000077,"20260601 ",I,10
006,SKU000078,"20260601 ",I,10
006,SKU000079,"20260601 ",I,10
006,SKU000080,"20260601 ",I,10
006,SKU000081,"20260601 ",I,10
006,SKU000082,"20260601 ",I,10
006,SKU000083,"20260601 ",I,10
006,SKU000084,"20260601 ",I,10
006,SKU000085,"20260601 ",I,10
006,SKU000086,"20260601 ",I,10
006,SKU000087,"20260601 ",I,10
006,SKU000088,"20260601 ",I,10
006,SKU000089,"20260601 ",I,10
006,SKU000090,"20260601 ",I,10
006,SKU000091,"20260601 ",I,10
006,SKU000092,"20260601 ",I,10
006,SKU000093,"20260601 ",I,10
006,SKU000094,"20260601 ",I,10
006,SKU000095,"20260601 ",I,10
006,SKU000096,"20260601 ",I,10
006,SKU000097,"20260601 ",I,10
006,SKU000098,"20260601 ",I,10
006,SKU000099,"20260601 ",I,10
006,SKU000100,"20260601 ",I,10
007,SKU000001,"20260601 ",I,10
007,SKU000002,"20260601 ",I,10
007,SKU000003,"20260601 ",I,10
007,SKU000004,"20260601 ",I,10
007,SKU000005,"20260601 ",I,10
007,SKU000006,"20260601 ",I,10
007,SKU000007,"20260601 ",I,10
007,SKU000008,"20260601 ",I,10
007,SKU000009,"20260601 ",I,10
007,SKU000010,"20260601 ",I,10
007,SKU000011,"20260601 ",I,10
007,SKU000012,"20260601 ",I,10
007,SKU000013,"20260601 ",I,10
007,SKU000014,"20260601 ",I,10
007,SKU000015,"20260601 ",I,10
007,SKU000016,"20260601 ",I,10
007,SKU000017,"20260601 ",I,10
007,SKU000018,"20260601 ",I,10
007,SKU000019,"20260601 ",I,10
007,SKU000020,"20260601 ",I,10
007,SKU000021,"20260601 ",I,10
007,SKU000022,"20260601 ",I,10
007,SKU000023,"20260601 ",I,10
007,SKU000024,"20260601 ",I,10
007,SKU000025,"20260601 ",I,10
007,SKU000026,"20260601 ",I,10
007,SKU000027,"20260601 ",I,10
007,SKU000028,"20260601 ",I,10
007,SKU000029,"20260601 ",I,10
007,SKU000030,"20260601 ",I,10
007,SKU000031,"20260601 ",I,10
007,SKU000032,"20260601 ",I,10
007,SKU000033,"20260601 ",I,10
007,SKU000034,"20260601 ",I,10
007,SKU000035,"20260601 ",I,10
007,SKU000036,"20260601 ",I,10
007,SKU000037,"20260601 ",I,10
007,SKU000038,"20260601 ",I,10
007,SKU000039,"20260601 ",I,10
007,SKU000040,"20260601 ",I,10
007,SKU000041,"20260601 ",I,10
007,SKU000042,"20260601 ",I,10
007,SKU000043,"20260601 ",I,10
007,SKU000044,"20260601 ",I,10
007,SKU000045,"20260601 ",I,10
007,SKU000046,"20260601 ",I,10
007,SKU000047,"20260601 ",I,10
007,SKU000048,"20260601 ",I,10
007,SKU000049,"20260601 ",I,10
007,SKU000050,"20260601 ",I,10
007,SKU000051,"20260601 ",I,10
007,SKU000052,"20260601 ",I,10
007,SKU000053,"20260601 ",I,10
007,SKU000054,"20260601 ",I,10
007,SKU000055,"20260601 ",I,10
007,SKU000056,"20260601 ",I,10
007,SKU000057,"20260601 ",I,10
007,SKU000058,"20260601 ",I,10
007,SKU000059,"20260601 ",I,10
007,SKU000060,"20260601 ",I,10
007,SKU000061,"20260601 ",I,10
007,SKU000062,"20260601 ",I,10
007,SKU000063,"20260601 ",I,10
007,SKU000064,"20260601 ",I,10
007,SKU000065,"20260601 ",I,10
007,SKU000066,"20260601 ",I,10
007,SKU000067,"20260601 ",I,10
007,SKU000068,"20260601 ",I,10
007,SKU000069,"20260601 ",I,10
007,SKU000070,"20260601 ",I,10
007,SKU000071,"20260601 ",I,10
007,SKU000072,"20260601 ",I,10
007,SKU000073,"20260601 ",I,10
007,SKU000074,"20260601 ",I,10
007,SKU000075,"20260601 ",I,10
007,SKU000076,"20260601 ",I,10
007,SKU000077,"20260601 ",I,10
007,SKU000078,"20260601 ",I,10
007,SKU000079,"20260601 ",I,10
007,SKU000080,"20260601 ",I,10
007,SKU000081,"20260601 ",I,10
007,SKU000082,"20260601 ",I,10
007,SKU000083,"20260601 ",I,10
007,SKU000084,"20260601 ",I,10
007,SKU000085,"20260601 ",I,10
007,SKU000086,"20260601 ",I,10
007,SKU000087,"20260601 ",I,10
007,SKU000088,"20260601 ",I,10
007,SKU000089,"20260601 ",I,10
007,SKU000090,"20260601 ",I,10
007,SKU000091,"20260601 ",I,10
007,SKU000092,"20260601 ",I,10
007,SKU000093,"20260601 ",I,10
007,SKU000094,"20260601 ",I,10
007,SKU000095,"20260601 ",I,10
007,SKU000096,"20260601 ",I,10
007,SKU000097,"20260601 ",I,10
007,SKU000098,"20260601 ",I,10
007,SKU000099,"20260601 ",I,10
007,SKU000100,"20260601 ",I,10
008,SKU000001,"20260601 ",I,10
008,SKU000002,"20260601 ",I,10
008,SKU000003,"20260601 ",I,10
008,SKU000004,"20260601 ",I,10
008,SKU000005,"20260601 ",I,10
008,SKU000006,"20260601 ",I,10
008,SKU000007,"20260601 ",I,10
008,SKU000008,"20260601 ",I,10
008,SKU000009,"20260601 ",I,10
008,SKU000010,"20260601 ",I,10
008,SKU000011,"20260601 ",I,10
008,SKU000012,"20260601 ",I,10
008,SKU000013,"20260601 ",I,10
008,SKU000014,"20260601 ",I,10
008,SKU000015,"20260601 ",I,10
008,SKU000016,"20260601 ",I,10
008,SKU000017,"20260601 ",I,10
008,SKU000018,"20260601 ",I,10
008,SKU000019,"20260601 ",I,10
008,SKU000020,"20260601 ",I,10
008,SKU000021,"20260601 ",I,10
008,SKU000022,"20260601 ",I,10
008,SKU000023,"20260601 ",I,10
008,SKU000024,"20260601 ",I,10
008,SKU000025,"20260601 ",I,10
008,SKU000026,"20260601 ",I,10
008,SKU000027,"20260601 ",I,10
008,SKU000028,"20260601 ",I,10
008,SKU000029,"20260601 ",I,10
008,SKU000030,"20260601 ",I,10
008,SKU000031,"20260601 ",I,10
008,SKU000032,"20260601 ",I,10
008,SKU000033,"20260601 ",I,10
008,SKU000034,"20260601 ",I,10
008,SKU000035,"20260601 ",I,10
008,SKU000036,"20260601 ",I,10
008,SKU000037,"20260601 ",I,10
008,SKU000038,"20260601 ",I,10
008,SKU000039,"20260601 ",I,10
008,SKU000040,"20260601 ",I,10
008,SKU000041,"20260601 ",I,10
008,SKU000042,"20260601 ",I,10
008,SKU000043,"20260601 ",I,10
008,SKU000044,"20260601 ",I,10
008,SKU000045,"20260601 ",I,10
008,SKU000046,"20260601 ",I,10
008,SKU000047,"20260601 ",I,10
008,SKU000048,"20260601 ",I,10
008,SKU000049,"20260601 ",I,10
008,SKU000050,"20260601 ",I,10
008,SKU000051,"20260601 ",I,10
008,SKU000052,"20260601 ",I,10
008,SKU000053,"20260601 ",I,10
008,SKU000054,"20260601 ",I,10
008,SKU000055,"20260601 ",I,10
008,SKU000056,"20260601 ",I,10
008,SKU000057,"20260601 ",I,10
008,SKU000058,"20260601 ",I,10
008,SKU000059,"20260601 ",I,10
008,SKU000060,"20260601 ",I,10
008,SKU000061,"20260601 ",I,10
008,SKU000062,"20260601 ",I,10
008,SKU000063,"20260601 ",I,10
008,SKU000064,"20260601 ",I,10
008,SKU000065,"20260601 ",I,10
008,SKU000066,"20260601 ",I,10
008,SKU000067,"20260601 ",I,10
008,SKU000068,"20260601 ",I,10
008,SKU000069,"20260601 ",I,10
008,SKU000070,"20260601 ",I,10
008,SKU000071,"20260601 ",I,10
008,SKU000072,"20260601 ",I,10
008,SKU000073,"20260601 ",I,10
008,SKU000074,"20260601 ",I,10
008,SKU000075,"20260601 ",I,10
008,SKU000076,"20260601 ",I,10
008,SKU000077,"20260601 ",I,10
008,SKU000078,"20260601 ",I,10
008,SKU000079,"20260601 ",I,10
008,SKU000080,"20260601 ",I,10
008,SKU000081,"20260601 ",I,10
008,SKU000082,"20260601 ",I,10
008,SKU000083,"20260601 ",I,10
008,SKU000084,"20260601 ",I,10
008,SKU000085,"20260601 ",I,10
008,SKU000086,"20260601 ",I,10
008,SKU000087,"20260601 ",I,10
008,SKU000088,"20260601 ",I,10
008,SKU000089,"20260601 ",I,10
008,SKU000090,"20260601 ",I,10
008,SKU000091,"20260601 ",I,10
008,SKU000092,"20260601 ",I,10
008,SKU000093,"20260601 ",I,10
008,SKU000094,"20260601 ",I,10
008,SKU000095,"20260601 ",I,10
008,SKU000096,"20260601 ",I,10
008,SKU000097,"20260601 ",I,10
008,SKU000098,"20260601 ",I,10
008,SKU000099,"20260601 ",I,10
008,SKU000100,"20260601 ",I,10
009,SKU000001,"20260601 ",I,10
009,SKU000002,"20260601 ",I,10
009,SKU000003,"20260601 ",I,10
009,SKU000004,"20260601 ",I,10
009,SKU000005,"20260601 ",I,10
009,SKU000006,"20260601 ",I,10
009,SKU000007,"20260601 ",I,10
009,SKU000008,"20260601 ",I,10
009,SKU000009,"20260601 ",I,10
009,SKU000010,"20260601 ",I,10
009,SKU000011,"20260601 ",I,10
009,SKU000012,"20260601 ",I,10
009,SKU000013,"20260601 ",I,10
009,SKU000014,"20260601 ",I,10
009,SKU000015,"20260601 ",I,10
009,SKU000016,"20260601 ",I,10
009,SKU000017,"20260601 ",I,10
009,SKU000018,"20260601 ",I,10
009,SKU000019,"20260601 ",I,10
009,SKU000020,"20260601 ",I,10
009,SKU000021,"20260601 ",I,10
009,SKU000022,"20260601 ",I,10
009,SKU000023,"20260601 ",I,10
009,SKU000024,"20260601 ",I,10
009,SKU000025,"20260601 ",I,10
009,SKU000026,"20260601 ",I,10
009,SKU000027,"20260601 ",I,10
009,SKU000028,"20260601 ",I,10
009,SKU000029,"20260601 ",I,10
009,SKU000030,"20260601 ",I,10
009,SKU000031,"20260601 ",I,10
009,SKU000032,"20260601 ",I,10
009,SKU000033,"20260601 ",I,10
009,SKU000034,"20260601 ",I,10
009,SKU000035,"20260601 ",I,10
009,SKU000036,"20260601 ",I,10
009,SKU000037,"20260601 ",I,10
009,SKU000038,"20260601 ",I,10
009,SKU000039,"20260601 ",I,10
009,SKU000040,"20260601 ",I,10
009,SKU000041,"20260601 ",I,10
009,SKU000042,"20260601 ",I,10
009,SKU000043,"20260601 ",I,10
009,SKU000044,"20260601 ",I,10
009,SKU000045,"20260601 ",I,10
009,SKU000046,"20260601 ",I,10
009,SKU000047,"20260601 ",I,10
009,SKU000048,"20260601 ",I,10
009,SKU000049,"20260601 ",I,10
009,SKU000050,"20260601 ",I,10
009,SKU000051,"20260601 ",I,10
009,SKU000052,"20260601 ",I,10
009,SKU000053,"20260601 ",I,10
009,SKU000054,"20260601 ",I,10
009,SKU000055,"20260601 ",I,10
009,SKU000056,"20260601 ",I,10
009,SKU000057,"20260601 ",I,10
009,SKU000058,"20260601 ",I,10
009,SKU000059,"20260601 ",I,10
009,SKU000060,"20260601 ",I,10
009,SKU000061,"20260601 ",I,10
009,SKU000062,"20260601 ",I,10
009,SKU000063,"20260601 ",I,10
009,SKU000064,"20260601 ",I,10
009,SKU000065,"20260601 ",I,10
009,SKU000066,"20260601 ",I,10
009,SKU000067,"20260601 ",I,10
009,SKU000068,"20260601 ",I,10
009,SKU000069,"20260601 ",I,10
009,SKU000070,"20260601 ",I,10
009,SKU000071,"20260601 ",I,10
009,SKU000072,"20260601 ",I,10
009,SKU000073,"20260601 ",I,10
009,SKU000074,"20260601 ",I,10
009,SKU000075,"20260601 ",I,10
009,SKU000076,"20260601 ",I,10
009,SKU000077,"20260601 ",I,10
009,SKU000078,"20260601 ",I,10
009,SKU000079,"20260601 ",I,10
009,SKU000080,"20260601 ",I,10
009,SKU000081,"20260601 ",I,10
009,SKU000082,"20260601 ",I,10
009,SKU000083,"20260601 ",I,10
009,SKU000084,"20260601 ",I,10
009,SKU000085,"20260601 ",I,10
009,SKU000086,"20260601 ",I,10
009,SKU000087,"20260601 ",I,10
009,SKU000088,"20260601 ",I,10
009,SKU000089,"20260601 ",I,10
009,SKU000090,"20260601 ",I,10
009,SKU000091,"20260601 ",I,10
009,SKU000092,"20260601 ",I,10
009,SKU000093,"20260601 ",I,10
009,SKU000094,"20260601 ",I,10
009,SKU000095,"20260601 ",I,10
009,SKU000096,"20260601 ",I,10
009,SKU000097,"20260601 ",I,10
009,SKU000098,"20260601 ",I,10
009,SKU000099,"20260601 ",I,10
009,SKU000100,"20260601 ",I,10
010,SKU000001,"20260601 ",I,10
010,SKU000002,"20260601 ",I,10
010,SKU000003,"20260601 ",I,10
010,SKU000004,"20260601 ",I,10
010,SKU000005,"20260601 ",I,10
010,SKU000006,"20260601 ",I,10
010,SKU000007,"20260601 ",I,10
010,SKU000008,"20260601 ",I,10
010,SKU000009,"20260601 ",I,10
010,SKU000010,"20260601 ",I,10
010,SKU000011,"20260601 ",I,10
010,SKU000012,"20260601 ",I,10
010,SKU000013,"20260601 ",I,10
010,SKU000014,"20260601 ",I,10
010,SKU000015,"20260601 ",I,10
010,SKU000016,"20260601 ",I,10
010,SKU000017,"20260601 ",I,10
010,SKU000018,"20260601 ",I,10
010,SKU000019,"20260601 ",I,10
010,SKU000020,"20260601 ",I,10
010,SKU000021,"20260601 ",I,10
010,SKU000022,"20260601 ",I,10
010,SKU000023,"20260601 ",I,10
010,SKU000024,"20260601 ",I,10
010,SKU000025,"20260601 ",I,10
010,SKU000026,"20260601 ",I,10
010,SKU000027,"20260601 ",I,10
010,SKU000028,"20260601 ",I,10
010,SKU000029,"20260601 ",I,10
010,SKU000030,"20260601 ",I,10
010,SKU000031,"20260601 ",I,10
010,SKU000032,"20260601 ",I,10
010,SKU000033,"20260601 ",I,10
010,SKU000034,"20260601 ",I,10
010,SKU000035,"20260601 ",I,10
010,SKU000036,"20260601 ",I,10
010,SKU000037,"20260601 ",I,10
010,SKU000038,"20260601 ",I,10
010,SKU000039,"20260601 ",I,10
010,SKU000040,"20260601 ",I,10
010,SKU000041,"20260601 ",I,10
010,SKU000042,"20260601 ",I,10
010,SKU000043,"20260601 ",I,10
010,SKU000044,"20260601 ",I,10
010,SKU000045,"20260601 ",I,10
010,SKU000046,"20260601 ",I,10
010,SKU000047,"20260601 ",I,10
010,SKU000048,"20260601 ",I,10
010,SKU000049,"20260601 ",I,10
010,SKU000050,"20260601 ",I,10
010,SKU000051,"20260601 ",I,10
010,SKU000052,"20260601 ",I,10
010,SKU000053,"20260601 ",I,10
010,SKU000054,"20260601 ",I,10
010,SKU000055,"20260601 ",I,10
010,SKU000056,"20260601 ",I,10
010,SKU000057,"20260601 ",I,10
010,SKU000058,"20260601 ",I,10
010,SKU000059,"20260601 ",I,10
010,SKU000060,"20260601 ",I,10
010,SKU000061,"20260601 ",I,10
010,SKU000062,"20260601 ",I,10
010,SKU000063,"20260601 ",I,10
010,SKU000064,"20260601 ",I,10
010,SKU000065,"20260601 ",I,10
010,SKU000066,"20260601 ",I,10
010,SKU000067,"20260601 ",I,10
010,SKU000068,"20260601 ",I,10
010,SKU000069,"20260601 ",I,10
010,SKU000070,"20260601 ",I,10
010,SKU000071,"20260601 ",I,10
010,SKU000072,"20260601 ",I,10
010,SKU000073,"20260601 ",I,10
010,SKU000074,"20260601 ",I,10
010,SKU000075,"20260601 ",I,10
010,SKU000076,"20260601 ",I,10
010,SKU000077,"20260601 ",I,10
010,SKU000078,"20260601 ",I,10
010,SKU000079,"20260601 ",I,10
010,SKU000080,"20260601 ",I,10
010,SKU000081,"20260601 ",I,10
010,SKU000082,"20260601 ",I,10
010,SKU000083,"20260601 ",I,10
010,SKU000084,"20260601 ",I,10
010,SKU000085,"20260601 ",I,10
010,SKU000086,"20260601 ",I,10
010,SKU000087,"20260601 ",I,10
010,SKU000088,"20260601 ",I,10
010,SKU000089,"20260601 ",I,10
010,SKU000090,"20260601 ",I,10
010,SKU000091,"20260601 ",I,10
010,SKU000092,"20260601 ",I,10
010,SKU000093,"20260601 ",I,10
010,SKU000094,"20260601 ",I,10
010,SKU000095,"20260601 ",I,10
010,SKU000096,"20260601 ",I,10
010,SKU000097,"20260601 ",I,10
010,SKU000098,"20260601 ",I,10
010,SKU000099,"20260601 ",I,10
010,SKU000100,"20260601 ",I,10
011,SKU000001,"20260601 ",I,10
011,SKU000002,"20260601 ",I,10
011,SKU000003,"20260601 ",I,10
011,SKU000004,"20260601 ",I,10
011,SKU000005,"20260601 ",I,10
011,SKU000006,"20260601 ",I,10
011,SKU000007,"20260601 ",I,10
011,SKU000008,"20260601 ",I,10
011,SKU000009,"20260601 ",I,10
011,SKU000010,"20260601 ",I,10
011,SKU000011,"20260601 ",I,10
011,SKU000012,"20260601 ",I,10
011,SKU000013,"20260601 ",I,10
011,SKU000014,"20260601 ",I,10
011,SKU000015,"20260601 ",I,10
011,SKU000016,"20260601 ",I,10
011,SKU000017,"20260601 ",I,10
011,SKU000018,"20260601 ",I,10
011,SKU000019,"20260601 ",I,10
011,SKU000020,"20260601 ",I,10
011,SKU000021,"20260601 ",I,10
011,SKU000022,"20260601 ",I,10
011,SKU000023,"20260601 ",I,10
011,SKU000024,"20260601 ",I,10
011,SKU000025,"20260601 ",I,10
011,SKU000026,"20260601 ",I,10
011,SKU000027,"20260601 ",I,10
011,SKU000028,"20260601 ",I,10
011,SKU000029,"20260601 ",I,10
011,SKU000030,"20260601 ",I,10
011,SKU000031,"20260601 ",I,10
011,SKU000032,"20260601 ",I,10
011,SKU000033,"20260601 ",I,10
011,SKU000034,"20260601 ",I,10
011,SKU000035,"20260601 ",I,10
011,SKU000036,"20260601 ",I,10
011,SKU000037,"20260601 ",I,10
011,SKU000038,"20260601 ",I,10
011,SKU000039,"20260601 ",I,10
011,SKU000040,"20260601 ",I,10
011,SKU000041,"20260601 ",I,10
011,SKU000042,"20260601 ",I,10
011,SKU000043,"20260601 ",I,10
011,SKU000044,"20260601 ",I,10
011,SKU000045,"20260601 ",I,10
011,SKU000046,"20260601 ",I,10
011,SKU000047,"20260601 ",I,10
011,SKU000048,"20260601 ",I,10
011,SKU000049,"20260601 ",I,10
011,SKU000050,"20260601 ",I,10
011,SKU000051,"20260601 ",I,10
011,SKU000052,"20260601 ",I,10
011,SKU000053,"20260601 ",I,10
011,SKU000054,"20260601 ",I,10
011,SKU000055,"20260601 ",I,10
011,SKU000056,"20260601 ",I,10
011,SKU000057,"20260601 ",I,10
011,SKU000058,"20260601 ",I,10
011,SKU000059,"20260601 ",I,10
011,SKU000060,"20260601 ",I,10
011,SKU000061,"20260601 ",I,10
011,SKU000062,"20260601 ",I,10
011,SKU000063,"20260601 ",I,10
011,SKU000064,"20260601 ",I,10
011,SKU000065,"20260601 ",I,10
011,SKU000066,"20260601 ",I,10
011,SKU000067,"20260601 ",I,10
011,SKU000068,"20260601 ",I,10
011,SKU000069,"20260601 ",I,10
011,SKU000070,"20260601 ",I,10
011,SKU000071,"20260601 ",I,10
011,SKU000072,"20260601 ",I,10
011,SKU000073,"20260601 ",I,10
011,SKU000074,"20260601 ",I,10
011,SKU000075,"20260601 ",I,10
011,SKU000076,"20260601 ",I,10
011,SKU000077,"20260601 ",I,10
011,SKU000078,"20260601 ",I,10
011,SKU000079,"20260601 ",I,10
011,SKU000080,"20260601 ",I,10
011,SKU000081,"20260601 ",I,10
011,SKU000082,"20260601 ",I,10
011,SKU000083,"20260601 ",I,10
011,SKU000084,"20260601 ",I,10
011,SKU000085,"20260601 ",I,10
011,SKU000086,"20260601 ",I,10
011,SKU000087,"20260601 ",I,10
011,SKU000088,"20260601 ",I,10
011,SKU000089,"20260601 ",I,10
011,SKU000090,"20260601 ",I,10
011,SKU000091,"20260601 ",I,10
011,SKU000092,"20260601 ",I,10
011,SKU000093,"20260601 ",I,10
011,SKU000094,"20260601 ",I,10
011,SKU000095,"20260601 ",I,10
011,SKU000096,"20260601 ",I,10
011,SKU000097,"20260601 ",I,10
011,SKU000098,"20260601 ",I,10
011,SKU000099,"20260601 ",I,10
011,SKU000100,"20260601 ",I,10
012,SKU000001,"20260601 ",I,10
012,SKU000002,"20260601 ",I,10
012,SKU000003,"20260601 ",I,10
012,SKU000004,"20260601 ",I,10
012,SKU000005,"20260601 ",I,10
012,SKU000006,"20260601 ",I,10
012,SKU000007,"20260601 ",I,10
012,SKU000008,"20260601 ",I,10
012,SKU000009,"20260601 ",I,10
012,SKU000010,"20260601 ",I,10
012,SKU000011,"20260601 ",I,10
012,SKU000012,"20260601 ",I,10
012,SKU000013,"20260601 ",I,10
012,SKU000014,"20260601 ",I,10
012,SKU000015,"20260601 ",I,10
012,SKU000016,"20260601 ",I,10
012,SKU000017,"20260601 ",I,10
012,SKU000018,"20260601 ",I,10
012,SKU000019,"20260601 ",I,10
012,SKU000020,"20260601 ",I,10
012,SKU000021,"20260601 ",I,10
012,SKU000022,"20260601 ",I,10
012,SKU000023,"20260601 ",I,10
012,SKU000024,"20260601 ",I,10
012,SKU000025,"20260601 ",I,10
012,SKU000026,"20260601 ",I,10
012,SKU000027,"20260601 ",I,10
012,SKU000028,"20260601 ",I,10
012,SKU000029,"20260601 ",I,10
012,SKU000030,"20260601 ",I,10
012,SKU000031,"20260601 ",I,10
012,SKU000032,"20260601 ",I,10
012,SKU000033,"20260601 ",I,10
012,SKU000034,"20260601 ",I,10
012,SKU000035,"20260601 ",I,10
012,SKU000036,"20260601 ",I,10
012,SKU000037,"20260601 ",I,10
012,SKU000038,"20260601 ",I,10
012,SKU000039,"20260601 ",I,10
012,SKU000040,"20260601 ",I,10
012,SKU000041,"20260601 ",I,10
012,SKU000042,"20260601 ",I,10
012,SKU000043,"20260601 ",I,10
012,SKU000044,"20260601 ",I,10
012,SKU000045,"20260601 ",I,10
012,SKU000046,"20260601 ",I,10
012,SKU000047,"20260601 ",I,10
012,SKU000048,"20260601 ",I,10
012,SKU000049,"20260601 ",I,10
012,SKU000050,"20260601 ",I,10
012,SKU000051,"20260601 ",I,10
012,SKU000052,"20260601 ",I,10
012,SKU000053,"20260601 ",I,10
012,SKU000054,"20260601 ",I,10
012,SKU000055,"20260601 ",I,10
012,SKU000056,"20260601 ",I,10
012,SKU000057,"20260601 ",I,10
012,SKU000058,"20260601 ",I,10
012,SKU000059,"20260601 ",I,10
012,SKU000060,"20260601 ",I,10
012,SKU000061,"20260601 ",I,10
012,SKU000062,"20260601 ",I,10
012,SKU000063,"20260601 ",I,10
012,SKU000064,"20260601 ",I,10
012,SKU000065,"20260601 ",I,10
012,SKU000066,"20260601 ",I,10
012,SKU000067,"20260601 ",I,10
012,SKU000068,"20260601 ",I,10
012,SKU000069,"20260601 ",I,10
012,SKU000070,"20260601 ",I,10
012,SKU000071,"20260601 ",I,10
012,SKU000072,"20260601 ",I,10
012,SKU000073,"20260601 ",I,10
012,SKU000074,"20260601 ",I,10
012,SKU000075,"20260601 ",I,10
012,SKU000076,"20260601 ",I,10
012,SKU000077,"20260601 ",I,10
012,SKU000078,"20260601 ",I,10
012,SKU000079,"20260601 ",I,10
012,SKU000080,"20260601 ",I,10
012,SKU000081,"20260601 ",I,10
012,SKU000082,"20260601 ",I,10
012,SKU000083,"20260601 ",I,10
012,SKU000084,"20260601 ",I,10
012,SKU000085,"20260601 ",I,10
012,SKU000086,"20260601 ",I,10
012,SKU000087,"20260601 ",I,10
012,SKU000088,"20260601 ",I,10
012,SKU000089,"20260601 ",I,10
012,SKU000090,"20260601 ",I,10
012,SKU000091,"20260601 ",I,10
012,SKU000092,"20260601 ",I,10
012,SKU000093,"20260601 ",I,10
012,SKU000094,"20260601 ",I,10
012,SKU000095,"20260601 ",I,10
012,SKU000096,"20260601 ",I,10
012,SKU000097,"20260601 ",I,10
012,SKU000098,"20260601 ",I,10
012,SKU000099,"20260601 ",I,10
012,SKU000100,"20260601 ",I,10
013,SKU000001,"20260601 ",I,10
013,SKU000002,"20260601 ",I,10
013,SKU000003,"20260601 ",I,10
013,SKU000004,"20260601 ",I,10
013,SKU000005,"20260601 ",I,10
013,SKU000006,"20260601 ",I,10
013,SKU000007,"20260601 ",I,10
013,SKU000008,"20260601 ",I,10
013,SKU000009,"20260601 ",I,10
013,SKU000010,"20260601 ",I,10
013,SKU000011,"20260601 ",I,10
013,SKU000012,"20260601 ",I,10
013,SKU000013,"20260601 ",I,10
013,SKU000014,"20260601 ",I,10
013,SKU000015,"20260601 ",I,10
013,SKU000016,"20260601 ",I,10
013,SKU000017,"20260601 ",I,10
013,SKU000018,"20260601 ",I,10
013,SKU000019,"20260601 ",I,10
013,SKU000020,"20260601 ",I,10
013,SKU000021,"20260601 ",I,10
013,SKU000022,"20260601 ",I,10
013,SKU000023,"20260601 ",I,10
013,SKU000024,"20260601 ",I,10
013,SKU000025,"20260601 ",I,10
013,SKU000026,"20260601 ",I,10
013,SKU000027,"20260601 ",I,10
013,SKU000028,"20260601 ",I,10
013,SKU000029,"20260601 ",I,10
013,SKU000030,"20260601 ",I,10
013,SKU000031,"20260601 ",I,10
013,SKU000032,"20260601 ",I,10
013,SKU000033,"20260601 ",I,10
013,SKU000034,"20260601 ",I,10
013,SKU000035,"20260601 ",I,10
013,SKU000036,"20260601 ",I,10
013,SKU000037,"20260601 ",I,10
013,SKU000038,"20260601 ",I,10
013,SKU000039,"20260601 ",I,10
013,SKU000040,"20260601 ",I,10
013,SKU000041,"20260601 ",I,10
013,SKU000042,"20260601 ",I,10
013,SKU000043,"20260601 ",I,10
013,SKU000044,"20260601 ",I,10
013,SKU000045,"20260601 ",I,10
013,SKU000046,"20260601 ",I,10
013,SKU000047,"20260601 ",I,10
013,SKU000048,"20260601 ",I,10
013,SKU000049,"20260601 ",I,10
013,SKU000050,"20260601 ",I,10
013,SKU000051,"20260601 ",I,10
013,SKU000052,"20260601 ",I,10
013,SKU000053,"20260601 ",I,10
013,SKU000054,"20260601 ",I,10
013,SKU000055,"20260601 ",I,10
013,SKU000056,"20260601 ",I,10
013,SKU000057,"20260601 ",I,10
013,SKU000058,"20260601 ",I,10
013,SKU000059,"20260601 ",I,10
013,SKU000060,"20260601 ",I,10
013,SKU000061,"20260601 ",I,10
013,SKU000062,"20260601 ",I,10
013,SKU000063,"20260601 ",I,10
013,SKU000064,"20260601 ",I,10
013,SKU000065,"20260601 ",I,10
013,SKU000066,"20260601 ",I,10
013,SKU000067,"20260601 ",I,10
013,SKU000068,"20260601 ",I,10
013,SKU000069,"20260601 ",I,10
013,SKU000070,"20260601 ",I,10
013,SKU000071,"20260601 ",I,10
013,SKU000072,"20260601 ",I,10
013,SKU000073,"20260601 ",I,10
013,SKU000074,"20260601 ",I,10
013,SKU000075,"20260601 ",I,10
013,SKU000076,"20260601 ",I,10
013,SKU000077,"20260601 ",I,10
013,SKU000078,"20260601 ",I,10
013,SKU000079,"20260601 ",I,10
013,SKU000080,"20260601 ",I,10
013,SKU000081,"20260601 ",I,10
013,SKU000082,"20260601 ",I,10
013,SKU000083,"20260601 ",I,10
013,SKU000084,"20260601 ",I,10
013,SKU000085,"20260601 ",I,10
013,SKU000086,"20260601 ",I,10
013,SKU000087,"20260601 ",I,10
013,SKU000088,"20260601 ",I,10
013,SKU000089,"20260601 ",I,10
013,SKU000090,"20260601 ",I,10
013,SKU000091,"20260601 ",I,10
013,SKU000092,"20260601 ",I,10
013,SKU000093,"20260601 ",I,10
013,SKU000094,"20260601 ",I,10
013,SKU000095,"20260601 ",I,10
013,SKU000096,"20260601 ",I,10
013,SKU000097,"20260601 ",I,10
013,SKU000098,"20260601 ",I,10
013,SKU000099,"20260601 ",I,10
013,SKU000100,"20260601 ",I,10
014,SKU000001,"20260601 ",I,10
014,SKU000002,"20260601 ",I,10
014,SKU000003,"20260601 ",I,10
014,SKU000004,"20260601 ",I,10
014,SKU000005,"20260601 ",I,10
014,SKU000006,"20260601 ",I,10
014,SKU000007,"20260601 ",I,10
014,SKU000008,"20260601 ",I,10
014,SKU000009,"20260601 ",I,10
014,SKU000010,"20260601 ",I,10
014,SKU000011,"20260601 ",I,10
014,SKU000012,"20260601 ",I,10
014,SKU000013,"20260601 ",I,10
014,SKU000014,"20260601 ",I,10
014,SKU000015,"20260601 ",I,10
014,SKU000016,"20260601 ",I,10
014,SKU000017,"20260601 ",I,10
014,SKU000018,"20260601 ",I,10
014,SKU000019,"20260601 ",I,10
014,SKU000020,"20260601 ",I,10
014,SKU000021,"20260601 ",I,10
014,SKU000022,"20260601 ",I,10
014,SKU000023,"20260601 ",I,10
014,SKU000024,"20260601 ",I,10
014,SKU000025,"20260601 ",I,10
014,SKU000026,"20260601 ",I,10
014,SKU000027,"20260601 ",I,10
014,SKU000028,"20260601 ",I,10
014,SKU000029,"20260601 ",I,10
014,SKU000030,"20260601 ",I,10
014,SKU000031,"20260601 ",I,10
014,SKU000032,"20260601 ",I,10
014,SKU000033,"20260601 ",I,10
014,SKU000034,"20260601 ",I,10
014,SKU000035,"20260601 ",I,10
014,SKU000036,"20260601 ",I,10
014,SKU000037,"20260601 ",I,10
014,SKU000038,"20260601 ",I,10
014,SKU000039,"20260601 ",I,10
014,SKU000040,"20260601 ",I,10
014,SKU000041,"20260601 ",I,10
014,SKU000042,"20260601 ",I,10
014,SKU000043,"20260601 ",I,10
014,SKU000044,"20260601 ",I,10
014,SKU000045,"20260601 ",I,10
014,SKU000046,"20260601 ",I,10
014,SKU000047,"20260601 ",I,10
014,SKU000048,"20260601 ",I,10
014,SKU000049,"20260601 ",I,10
014,SKU000050,"20260601 ",I,10
014,SKU000051,"20260601 ",I,10
014,SKU000052,"20260601 ",I,10
014,SKU000053,"20260601 ",I,10
014,SKU000054,"20260601 ",I,10
014,SKU000055,"20260601 ",I,10
014,SKU000056,"20260601 ",I,10
014,SKU000057,"20260601 ",I,10
014,SKU000058,"20260601 ",I,10
014,SKU000059,"20260601 ",I,10
014,SKU000060,"20260601 ",I,10
014,SKU000061,"20260601 ",I,10
014,SKU000062,"20260601 ",I,10
014,SKU000063,"20260601 ",I,10
014,SKU000064,"20260601 ",I,10
014,SKU000065,"20260601 ",I,10
014,SKU000066,"20260601 ",I,10
014,SKU000067,"20260601 ",I,10
014,SKU000068,"20260601 ",I,10
014,SKU000069,"20260601 ",I,10
014,SKU000070,"20260601 ",I,10
014,SKU000071,"20260601 ",I,10
014,SKU000072,"20260601 ",I,10
014,SKU000073,"20260601 ",I,10
014,SKU000074,"20260601 ",I,10
014,SKU000075,"20260601 ",I,10
014,SKU000076,"20260601 ",I,10
014,SKU000077,"20260601 ",I,10
014,SKU000078,"20260601 ",I,10
014,SKU000079,"20260601 ",I,10
014,SKU000080,"20260601 ",I,10
014,SKU000081,"20260601 ",I,10
014,SKU000082,"20260601 ",I,10
014,SKU000083,"20260601 ",I,10
014,SKU000084,"20260601 ",I,10
014,SKU000085,"20260601 ",I,10
014,SKU000086,"20260601 ",I,10
014,SKU000087,"20260601 ",I,10
014,SKU000088,"20260601 ",I,10
014,SKU000089,"20260601 ",I,10
014,SKU000090,"20260601 ",I,10
014,SKU000091,"20260601 ",I,10
014,SKU000092,"20260601 ",I,10
014,SKU000093,"20260601 ",I,10
014,SKU000094,"20260601 ",I,10
014,SKU000095,"20260601 ",I,10
014,SKU000096,"20260601 ",I,10
014,SKU000097,"20260601 ",I,10
014,SKU000098,"20260601 ",I,10
014,SKU000099,"20260601 ",I,10
014,SKU000100,"20260601 ",I,10
015,SKU000001,"20260601 ",I,10
015,SKU000002,"20260601 ",I,10
015,SKU000003,"20260601 ",I,10
015,SKU000004,"20260601 ",I,10
015,SKU000005,"20260601 ",I,10
015,SKU000006,"20260601 ",I,10
015,SKU000007,"20260601 ",I,10
015,SKU000008,"20260601 ",I,10
015,SKU000009,"20260601 ",I,10
015,SKU000010,"20260601 ",I,10
015,SKU000011,"20260601 ",I,10
015,SKU000012,"20260601 ",I,10
015,SKU000013,"20260601 ",I,10
015,SKU000014,"20260601 ",I,10
015,SKU000015,"20260601 ",I,10
015,SKU000016,"20260601 ",I,10
015,SKU000017,"20260601 ",I,10
015,SKU000018,"20260601 ",I,10
015,SKU000019,"20260601 ",I,10
015,SKU000020,"20260601 ",I,10
015,SKU000021,"20260601 ",I,10
015,SKU000022,"20260601 ",I,10
015,SKU000023,"20260601 ",I,10
015,SKU000024,"20260601 ",I,10
015,SKU000025,"20260601 ",I,10
015,SKU000026,"20260601 ",I,10
015,SKU000027,"20260601 ",I,10
015,SKU000028,"20260601 ",I,10
015,SKU000029,"20260601 ",I,10
015,SKU000030,"20260601 ",I,10
015,SKU000031,"20260601 ",I,10
015,SKU000032,"20260601 ",I,10
015,SKU000033,"20260601 ",I,10
015,SKU000034,"20260601 ",I,10
015,SKU000035,"20260601 ",I,10
015,SKU000036,"20260601 ",I,10
015,SKU000037,"20260601 ",I,10
015,SKU000038,"20260601 ",I,10
015,SKU000039,"20260601 ",I,10
015,SKU000040,"20260601 ",I,10
015,SKU000041,"20260601 ",I,10
015,SKU000042,"20260601 ",I,10
015,SKU000043,"20260601 ",I,10
015,SKU000044,"20260601 ",I,10
015,SKU000045,"20260601 ",I,10
015,SKU000046,"20260601 ",I,10
015,SKU000047,"20260601 ",I,10
015,SKU000048,"20260601 ",I,10
015,SKU000049,"20260601 ",I,10
015,SKU000050,"20260601 ",I,10
015,SKU000051,"20260601 ",I,10
015,SKU000052,"20260601 ",I,10
015,SKU000053,"20260601 ",I,10
015,SKU000054,"20260601 ",I,10
015,SKU000055,"20260601 ",I,10
015,SKU000056,"20260601 ",I,10
015,SKU000057,"20260601 ",I,10
015,SKU000058,"20260601 ",I,10
015,SKU000059,"20260601 ",I,10
015,SKU000060,"20260601 ",I,10
015,SKU000061,"20260601 ",I,10
015,SKU000062,"20260601 ",I,10
015,SKU000063,"20260601 ",I,10
015,SKU000064,"20260601 ",I,10
015,SKU000065,"20260601 ",I,10
015,SKU000066,"20260601 ",I,10
015,SKU000067,"20260601 ",I,10
015,SKU000068,"20260601 ",I,10
015,SKU000069,"20260601 ",I,10
015,SKU000070,"20260601 ",I,10
015,SKU000071,"20260601 ",I,10
015,SKU000072,"20260601 ",I,10
015,SKU000073,"20260601 ",I,10
015,SKU000074,"20260601 ",I,10
015,SKU000075,"20260601 ",I,10
015,SKU000076,"20260601 ",I,10
015,SKU000077,"20260601 ",I,10
015,SKU000078,"20260601 ",I,10
015,SKU000079,"20260601 ",I,10
015,SKU000080,"20260601 ",I,10
015,SKU000081,"20260601 ",I,10
015,SKU000082,"20260601 ",I,10
015,SKU000083,"20260601 ",I,10
015,SKU000084,"20260601 ",I,10
015,SKU000085,"20260601 ",I,10
015,SKU000086,"20260601 ",I,10
015,SKU000087,"20260601 ",I,10
015,SKU000088,"20260601 ",I,10
015,SKU000089,"20260601 ",I,10
015,SKU000090,"20260601 ",I,10
015,SKU000091,"20260601 ",I,10
015,SKU000092,"20260601 ",I,10
015,SKU000093,"20260601 ",I,10
015,SKU000094,"20260601 ",I,10
015,SKU000095,"20260601 ",I,10
015,SKU000096,"20260601 ",I,10
015,SKU000097,"20260601 ",I,10
015,SKU000098,"20260601 ",I,10
015,SKU000099,"20260601 ",I,10
015,SKU000100,"20260601 ",I,10
016,SKU000001,"20260601 ",I,10
016,SKU000002,"20260601 ",I,10
016,SKU000003,"20260601 ",I,10
016,SKU000004,"20260601 ",I,10
016,SKU000005,"20260601 ",I,10
016,SKU000006,"20260601 ",I,10
016,SKU000007,"20260601 ",I,10
016,SKU000008,"20260601 ",I,10
016,SKU000009,"20260601 ",I,10
016,SKU000010,"20260601 ",I,10
016,SKU000011,"20260601 ",I,10
016,SKU000012,"20260601 ",I,10
016,SKU000013,"20260601 ",I,10
016,SKU000014,"20260601 ",I,10
016,SKU000015,"20260601 ",I,10
016,SKU000016,"20260601 ",I,10
016,SKU000017,"20260601 ",I,10
016,SKU000018,"20260601 ",I,10
016,SKU000019,"20260601 ",I,10
016,SKU000020,"20260601 ",I,10
016,SKU000021,"20260601 ",I,10
016,SKU000022,"20260601 ",I,10
016,SKU000023,"20260601 ",I,10
016,SKU000024,"20260601 ",I,10
016,SKU000025,"20260601 ",I,10
016,SKU000026,"20260601 ",I,10
016,SKU000027,"20260601 ",I,10
016,SKU000028,"20260601 ",I,10
016,SKU000029,"20260601 ",I,10
016,SKU000030,"20260601 ",I,10
016,SKU000031,"20260601 ",I,10
016,SKU000032,"20260601 ",I,10
016,SKU000033,"20260601 ",I,10
016,SKU000034,"20260601 ",I,10
016,SKU000035,"20260601 ",I,10
016,SKU000036,"20260601 ",I,10
016,SKU000037,"20260601 ",I,10
016,SKU000038,"20260601 ",I,10
016,SKU000039,"20260601 ",I,10
016,SKU000040,"20260601 ",I,10
016,SKU000041,"20260601 ",I,10
016,SKU000042,"20260601 ",I,10
016,SKU000043,"20260601 ",I,10
016,SKU000044,"20260601 ",I,10
016,SKU000045,"20260601 ",I,10
016,SKU000046,"20260601 ",I,10
016,SKU000047,"20260601 ",I,10
016,SKU000048,"20260601 ",I,10
016,SKU000049,"20260601 ",I,10
016,SKU000050,"20260601 ",I,10
016,SKU000051,"20260601 ",I,10
016,SKU000052,"20260601 ",I,10
016,SKU000053,"20260601 ",I,10
016,SKU000054,"20260601 ",I,10
016,SKU000055,"20260601 ",I,10
016,SKU000056,"20260601 ",I,10
016,SKU000057,"20260601 ",I,10
016,SKU000058,"20260601 ",I,10
016,SKU000059,"20260601 ",I,10
016,SKU000060,"20260601 ",I,10
016,SKU000061,"20260601 ",I,10
016,SKU000062,"20260601 ",I,10
016,SKU000063,"20260601 ",I,10
016,SKU000064,"20260601 ",I,10
016,SKU000065,"20260601 ",I,10
016,SKU000066,"20260601 ",I,10
016,SKU000067,"20260601 ",I,10
016,SKU000068,"20260601 ",I,10
016,SKU000069,"20260601 ",I,10
016,SKU000070,"20260601 ",I,10
016,SKU000071,"20260601 ",I,10
016,SKU000072,"20260601 ",I,10
016,SKU000073,"20260601 ",I,10
016,SKU000074,"20260601 ",I,10
016,SKU000075,"20260601 ",I,10
016,SKU000076,"20260601 ",I,10
016,SKU000077,"20260601 ",I,10
016,SKU000078,"20260601 ",I,10
016,SKU000079,"20260601 ",I,10
016,SKU000080,"20260601 ",I,10
016,SKU000081,"20260601 ",I,10
016,SKU000082,"20260601 ",I,10
016,SKU000083,"20260601 ",I,10
016,SKU000084,"20260601 ",I,10
016,SKU000085,"20260601 ",I,10
016,SKU000086,"20260601 ",I,10
016,SKU000087,"20260601 ",I,10
016,SKU000088,"20260601 ",I,10
016,SKU000089,"20260601 ",I,10
016,SKU000090,"20260601 ",I,10
016,SKU000091,"20260601 ",I,10
016,SKU000092,"20260601 ",I,10
016,SKU000093,"20260601 ",I,10
016,SKU000094,"20260601 ",I,10
016,SKU000095,"20260601 ",I,10
016,SKU000096,"20260601 ",I,10
016,SKU000097,"20260601 ",I,10
016,SKU000098,"20260601 ",I,10
016,SKU000099,"20260601 ",I,10
016,SKU000100,"20260601 ",I,10
017,SKU000001,"20260601 ",I,10
017,SKU000002,"20260601 ",I,10
017,SKU000003,"20260601 ",I,10
017,SKU000004,"20260601 ",I,10
017,SKU000005,"20260601 ",I,10
017,SKU000006,"20260601 ",I,10
017,SKU000007,"20260601 ",I,10
017,SKU000008,"20260601 ",I,10
017,SKU000009,"20260601 ",I,10
017,SKU000010,"20260601 ",I,10
017,SKU000011,"20260601 ",I,10
017,SKU000012,"20260601 ",I,10
017,SKU000013,"20260601 ",I,10
017,SKU000014,"20260601 ",I,10
017,SKU000015,"20260601 ",I,10
017,SKU000016,"20260601 ",I,10
017,SKU000017,"20260601 ",I,10
017,SKU000018,"20260601 ",I,10
017,SKU000019,"20260601 ",I,10
017,SKU000020,"20260601 ",I,10
017,SKU000021,"20260601 ",I,10
017,SKU000022,"20260601 ",I,10
017,SKU000023,"20260601 ",I,10
017,SKU000024,"20260601 ",I,10
017,SKU000025,"20260601 ",I,10
017,SKU000026,"20260601 ",I,10
017,SKU000027,"20260601 ",I,10
017,SKU000028,"20260601 ",I,10
017,SKU000029,"20260601 ",I,10
017,SKU000030,"20260601 ",I,10
017,SKU000031,"20260601 ",I,10
017,SKU000032,"20260601 ",I,10
017,SKU000033,"20260601 ",I,10
017,SKU000034,"20260601 ",I,10
017,SKU000035,"20260601 ",I,10
017,SKU000036,"20260601 ",I,10
017,SKU000037,"20260601 ",I,10
017,SKU000038,"20260601 ",I,10
017,SKU000039,"20260601 ",I,10
017,SKU000040,"20260601 ",I,10
017,SKU000041,"20260601 ",I,10
017,SKU000042,"20260601 ",I,10
017,SKU000043,"20260601 ",I,10
017,SKU000044,"20260601 ",I,10
017,SKU000045,"20260601 ",I,10
017,SKU000046,"20260601 ",I,10
017,SKU000047,"20260601 ",I,10
017,SKU000048,"20260601 ",I,10
017,SKU000049,"20260601 ",I,10
017,SKU000050,"20260601 ",I,10
017,SKU000051,"20260601 ",I,10
017,SKU000052,"20260601 ",I,10
017,SKU000053,"20260601 ",I,10
017,SKU000054,"20260601 ",I,10
017,SKU000055,"20260601 ",I,10
017,SKU000056,"20260601 ",I,10
017,SKU000057,"20260601 ",I,10
017,SKU000058,"20260601 ",I,10
017,SKU000059,"20260601 ",I,10
017,SKU000060,"20260601 ",I,10
017,SKU000061,"20260601 ",I,10
017,SKU000062,"20260601 ",I,10
017,SKU000063,"20260601 ",I,10
017,SKU000064,"20260601 ",I,10
017,SKU000065,"20260601 ",I,10
017,SKU000066,"20260601 ",I,10
017,SKU000067,"20260601 ",I,10
017,SKU000068,"20260601 ",I,10
017,SKU000069,"20260601 ",I,10
017,SKU000070,"20260601 ",I,10
017,SKU000071,"20260601 ",I,10
017,SKU000072,"20260601 ",I,10
017,SKU000073,"20260601 ",I,10
017,SKU000074,"20260601 ",I,10
017,SKU000075,"20260601 ",I,10
017,SKU000076,"20260601 ",I,10
017,SKU000077,"20260601 ",I,10
017,SKU000078,"20260601 ",I,10
017,SKU000079,"20260601 ",I,10
017,SKU000080,"20260601 ",I,10
017,SKU000081,"20260601 ",I,10
017,SKU000082,"20260601 ",I,10
017,SKU000083,"20260601 ",I,10
017,SKU000084,"20260601 ",I,10
017,SKU000085,"20260601 ",I,10
017,SKU000086,"20260601 ",I,10
017,SKU000087,"20260601 ",I,10
017,SKU000088,"20260601 ",I,10
017,SKU000089,"20260601 ",I,10
017,SKU000090,"20260601 ",I,10
017,SKU000091,"20260601 ",I,10
017,SKU000092,"20260601 ",I,10
017,SKU000093,"20260601 ",I,10
017,SKU000094,"20260601 ",I,10
017,SKU000095,"20260601 ",I,10
017,SKU000096,"20260601 ",I,10
017,SKU000097,"20260601 ",I,10
017,SKU000098,"20260601 ",I,10
017,SKU000099,"20260601 ",I,10
017,SKU000100,"20260601 ",I,10
018,SKU000001,"20260601 ",I,10
018,SKU000002,"20260601 ",I,10
018,SKU000003,"20260601 ",I,10
018,SKU000004,"20260601 ",I,10
018,SKU000005,"20260601 ",I,10
018,SKU000006,"20260601 ",I,10
018,SKU000007,"20260601 ",I,10
018,SKU000008,"20260601 ",I,10
018,SKU000009,"20260601 ",I,10
018,SKU000010,"20260601 ",I,10
018,SKU000011,"20260601 ",I,10
018,SKU000012,"20260601 ",I,10
018,SKU000013,"20260601 ",I,10
018,SKU000014,"20260601 ",I,10
018,SKU000015,"20260601 ",I,10
018,SKU000016,"20260601 ",I,10
018,SKU000017,"20260601 ",I,10
018,SKU000018,"20260601 ",I,10
018,SKU000019,"20260601 ",I,10
018,SKU000020,"20260601 ",I,10
018,SKU000021,"20260601 ",I,10
018,SKU000022,"20260601 ",I,10
018,SKU000023,"20260601 ",I,10
018,SKU000024,"20260601 ",I,10
018,SKU000025,"20260601 ",I,10
018,SKU000026,"20260601 ",I,10
018,SKU000027,"20260601 ",I,10
018,SKU000028,"20260601 ",I,10
018,SKU000029,"20260601 ",I,10
018,SKU000030,"20260601 ",I,10
018,SKU000031,"20260601 ",I,10
018,SKU000032,"20260601 ",I,10
018,SKU000033,"20260601 ",I,10
018,SKU000034,"20260601 ",I,10
018,SKU000035,"20260601 ",I,10
018,SKU000036,"20260601 ",I,10
018,SKU000037,"20260601 ",I,10
018,SKU000038,"20260601 ",I,10
018,SKU000039,"20260601 ",I,10
018,SKU000040,"20260601 ",I,10
018,SKU000041,"20260601 ",I,10
018,SKU000042,"20260601 ",I,10
018,SKU000043,"20260601 ",I,10
018,SKU000044,"20260601 ",I,10
018,SKU000045,"20260601 ",I,10
018,SKU000046,"20260601 ",I,10
018,SKU000047,"20260601 ",I,10
018,SKU000048,"20260601 ",I,10
018,SKU000049,"20260601 ",I,10
018,SKU000050,"20260601 ",I,10
018,SKU000051,"20260601 ",I,10
018,SKU000052,"20260601 ",I,10
018,SKU000053,"20260601 ",I,10
018,SKU000054,"20260601 ",I,10
018,SKU000055,"20260601 ",I,10
018,SKU000056,"20260601 ",I,10
018,SKU000057,"20260601 ",I,10
018,SKU000058,"20260601 ",I,10
018,SKU000059,"20260601 ",I,10
018,SKU000060,"20260601 ",I,10
018,SKU000061,"20260601 ",I,10
018,SKU000062,"20260601 ",I,10
018,SKU000063,"20260601 ",I,10
018,SKU000064,"20260601 ",I,10
018,SKU000065,"20260601 ",I,10
018,SKU000066,"20260601 ",I,10
018,SKU000067,"20260601 ",I,10
018,SKU000068,"20260601 ",I,10
018,SKU000069,"20260601 ",I,10
018,SKU000070,"20260601 ",I,10
018,SKU000071,"20260601 ",I,10
018,SKU000072,"20260601 ",I,10
018,SKU000073,"20260601 ",I,10
018,SKU000074,"20260601 ",I,10
018,SKU000075,"20260601 ",I,10
018,SKU000076,"20260601 ",I,10
018,SKU000077,"20260601 ",I,10
018,SKU000078,"20260601 ",I,10
018,SKU000079,"20260601 ",I,10
018,SKU000080,"20260601 ",I,10
018,SKU000081,"20260601 ",I,10
018,SKU000082,"20260601 ",I,10
018,SKU000083,"20260601 ",I,10
018,SKU000084,"20260601 ",I,10
018,SKU000085,"20260601 ",I,10
018,SKU000086,"20260601 ",I,10
018,SKU000087,"20260601 ",I,10
018,SKU000088,"20260601 ",I,10
018,SKU000089,"20260601 ",I,10
018,SKU000090,"20260601 ",I,10
018,SKU000091,"20260601 ",I,10
018,SKU000092,"20260601 ",I,10
018,SKU000093,"20260601 ",I,10
018,SKU000094,"20260601 ",I,10
018,SKU000095,"20260601 ",I,10
018,SKU000096,"20260601 ",I,10
018,SKU000097,"20260601 ",I,10
018,SKU000098,"20260601 ",I,10
018,SKU000099,"20260601 ",I,10
018,SKU000100,"20260601 ",I,10
019,SKU000001,"20260601 ",I,10
019,SKU000002,"20260601 ",I,10
019,SKU000003,"20260601 ",I,10
019,SKU000004,"20260601 ",I,10
019,SKU000005,"20260601 ",I,10
019,SKU000006,"20260601 ",I,10
019,SKU000007,"20260601 ",I,10
019,SKU000008,"20260601 ",I,10
019,SKU000009,"20260601 ",I,10
019,SKU000010,"20260601 ",I,10
019,SKU000011,"20260601 ",I,10
019,SKU000012,"20260601 ",I,10
019,SKU000013,"20260601 ",I,10
019,SKU000014,"20260601 ",I,10
019,SKU000015,"20260601 ",I,10
019,SKU000016,"20260601 ",I,10
019,SKU000017,"20260601 ",I,10
019,SKU000018,"20260601 ",I,10
019,SKU000019,"20260601 ",I,10
019,SKU000020,"20260601 ",I,10
019,SKU000021,"20260601 ",I,10
019,SKU000022,"20260601 ",I,10
019,SKU000023,"20260601 ",I,10
019,SKU000024,"20260601 ",I,10
019,SKU000025,"20260601 ",I,10
019,SKU000026,"20260601 ",I,10
019,SKU000027,"20260601 ",I,10
019,SKU000028,"20260601 ",I,10
019,SKU000029,"20260601 ",I,10
019,SKU000030,"20260601 ",I,10
019,SKU000031,"20260601 ",I,10
019,SKU000032,"20260601 ",I,10
019,SKU000033,"20260601 ",I,10
019,SKU000034,"20260601 ",I,10
019,SKU000035,"20260601 ",I,10
019,SKU000036,"20260601 ",I,10
019,SKU000037,"20260601 ",I,10
019,SKU000038,"20260601 ",I,10
019,SKU000039,"20260601 ",I,10
019,SKU000040,"20260601 ",I,10
019,SKU000041,"20260601 ",I,10
019,SKU000042,"20260601 ",I,10
019,SKU000043,"20260601 ",I,10
019,SKU000044,"20260601 ",I,10
019,SKU000045,"20260601 ",I,10
019,SKU000046,"20260601 ",I,10
019,SKU000047,"20260601 ",I,10
019,SKU000048,"20260601 ",I,10
019,SKU000049,"20260601 ",I,10
019,SKU000050,"20260601 ",I,10
019,SKU000051,"20260601 ",I,10
019,SKU000052,"20260601 ",I,10
019,SKU000053,"20260601 ",I,10
019,SKU000054,"20260601 ",I,10
019,SKU000055,"20260601 ",I,10
019,SKU000056,"20260601 ",I,10
019,SKU000057,"20260601 ",I,10
019,SKU000058,"20260601 ",I,10
019,SKU000059,"20260601 ",I,10
019,SKU000060,"20260601 ",I,10
019,SKU000061,"20260601 ",I,10
019,SKU000062,"20260601 ",I,10
019,SKU000063,"20260601 ",I,10
019,SKU000064,"20260601 ",I,10
019,SKU000065,"20260601 ",I,10
019,SKU000066,"20260601 ",I,10
019,SKU000067,"20260601 ",I,10
019,SKU000068,"20260601 ",I,10
019,SKU000069,"20260601 ",I,10
019,SKU000070,"20260601 ",I,10
019,SKU000071,"20260601 ",I,10
019,SKU000072,"20260601 ",I,10
019,SKU000073,"20260601 ",I,10
019,SKU000074,"20260601 ",I,10
019,SKU000075,"20260601 ",I,10
019,SKU000076,"20260601 ",I,10
019,SKU000077,"20260601 ",I,10
019,SKU000078,"20260601 ",I,10
019,SKU000079,"20260601 ",I,10
019,SKU000080,"20260601 ",I,10
019,SKU000081,"20260601 ",I,10
019,SKU000082,"20260601 ",I,10
019,SKU000083,"20260601 ",I,10
019,SKU000084,"20260601 ",I,10
019,SKU000085,"20260601 ",I,10
019,SKU000086,"20260601 ",I,10
019,SKU000087,"20260601 ",I,10
019,SKU000088,"20260601 ",I,10
019,SKU000089,"20260601 ",I,10
019,SKU000090,"20260601 ",I,10
019,SKU000091,"20260601 ",I,10
019,SKU000092,"20260601 ",I,10
019,SKU000093,"20260601 ",I,10
019,SKU000094,"20260601 ",I,10
019,SKU000095,"20260601 ",I,10
019,SKU000096,"20260601 ",I,10
019,SKU000097,"20260601 ",I,10
019,SKU000098,"20260601 ",I,10
019,SKU000099,"20260601 ",I,10
019,SKU000100,"20260601 ",I,10
020,SKU000001,"20260601 ",I,10
020,SKU000002,"20260601 ",I,10
020,SKU000003,"20260601 ",I,10
020,SKU000004,"20260601 ",I,10
020,SKU000005,"20260601 ",I,10
020,SKU000006,"20260601 ",I,10
020,SKU000007,"20260601 ",I,10
020,SKU000008,"20260601 ",I,10
020,SKU000009,"20260601 ",I,10
020,SKU000010,"20260601 ",I,10
020,SKU000011,"20260601 ",I,10
020,SKU000012,"20260601 ",I,10
020,SKU000013,"20260601 ",I,10
020,SKU000014,"20260601 ",I,10
020,SKU000015,"20260601 ",I,10
020,SKU000016,"20260601 ",I,10
020,SKU000017,"20260601 ",I,10
020,SKU000018,"20260601 ",I,10
020,SKU000019,"20260601 ",I,10
020,SKU000020,"20260601 ",I,10
020,SKU000021,"20260601 ",I,10
020,SKU000022,"20260601 ",I,10
020,SKU000023,"20260601 ",I,10
020,SKU000024,"20260601 ",I,10
020,SKU000025,"20260601 ",I,10
020,SKU000026,"20260601 ",I,10
020,SKU000027,"20260601 ",I,10
020,SKU000028,"20260601 ",I,10
020,SKU000029,"20260601 ",I,10
020,SKU000030,"20260601 ",I,10
020,SKU000031,"20260601 ",I,10
020,SKU000032,"20260601 ",I,10
020,SKU000033,"20260601 ",I,10
020,SKU000034,"20260601 ",I,10
020,SKU000035,"20260601 ",I,10
020,SKU000036,"20260601 ",I,10
020,SKU000037,"20260601 ",I,10
020,SKU000038,"20260601 ",I,10
020,SKU000039,"20260601 ",I,10
020,SKU000040,"20260601 ",I,10
020,SKU000041,"20260601 ",I,10
020,SKU000042,"20260601 ",I,10
020,SKU000043,"20260601 ",I,10
020,SKU000044,"20260601 ",I,10
020,SKU000045,"20260601 ",I,10
020,SKU000046,"20260601 ",I,10
020,SKU000047,"20260601 ",I,10
020,SKU000048,"20260601 ",I,10
020,SKU000049,"20260601 ",I,10
020,SKU000050,"20260601 ",I,10
020,SKU000051,"20260601 ",I,10
020,SKU000052,"20260601 ",I,10
020,SKU000053,"20260601 ",I,10
020,SKU000054,"20260601 ",I,10
020,SKU000055,"20260601 ",I,10
020,SKU000056,"20260601 ",I,10
020,SKU000057,"20260601 ",I,10
020,SKU000058,"20260601 ",I,10
020,SKU000059,"20260601 ",I,10
020,SKU000060,"20260601 ",I,10
020,SKU000061,"20260601 ",I,10
020,SKU000062,"20260601 ",I,10
020,SKU000063,"20260601 ",I,10
020,SKU000064,"20260601 ",I,10
020,SKU000065,"20260601 ",I,10
020,SKU000066,"20260601 ",I,10
020,SKU000067,"20260601 ",I,10
020,SKU000068,"20260601 ",I,10
020,SKU000069,"20260601 ",I,10
020,SKU000070,"20260601 ",I,10
020,SKU000071,"20260601 ",I,10
020,SKU000072,"20260601 ",I,10
020,SKU000073,"20260601 ",I,10
020,SKU000074,"20260601 ",I,10
020,SKU000075,"20260601 ",I,10
020,SKU000076,"20260601 ",I,10
020,SKU000077,"20260601 ",I,10
020,SKU000078,"20260601 ",I,10
020,SKU000079,"20260601 ",I,10
020,SKU000080,"20260601 ",I,10
020,SKU000081,"20260601 ",I,10
020,SKU000082,"20260601 ",I,10
020,SKU000083,"20260601 ",I,10
020,SKU000084,"20260601 ",I,10
020,SKU000085,"20260601 ",I,10
020,SKU000086,"20260601 ",I,10
020,SKU000087,"20260601 ",I,10
020,SKU000088,"20260601 ",I,10
020,SKU000089,"20260601 ",I,10
020,SKU000090,"20260601 ",I,10
020,SKU000091,"20260601 ",I,10
020,SKU000092,"20260601 ",I,10
020,SKU000093,"20260601 ",I,10
020,SKU000094,"20260601 ",I,10
020,SKU000095,"20260601 ",I,10
020,SKU000096,"20260601 ",I,10
020,SKU000097,"20260601 ",I,10
020,SKU000098,"20260601 ",I,10
020,SKU000099,"20260601 ",I,10
020,SKU000100,"20260601 ",I,10
021,SKU000001,"20260601 ",I,10
021,SKU000002,"20260601 ",I,10
021,SKU000003,"20260601 ",I,10
021,SKU000004,"20260601 ",I,10
021,SKU000005,"20260601 ",I,10
021,SKU000006,"20260601 ",I,10
021,SKU000007,"20260601 ",I,10
021,SKU000008,"20260601 ",I,10
021,SKU000009,"20260601 ",I,10
021,SKU000010,"20260601 ",I,10
021,SKU000011,"20260601 ",I,10
021,SKU000012,"20260601 ",I,10
021,SKU000013,"20260601 ",I,10
021,SKU000014,"20260601 ",I,10
021,SKU000015,"20260601 ",I,10
021,SKU000016,"20260601 ",I,10
021,SKU000017,"20260601 ",I,10
021,SKU000018,"20260601 ",I,10
021,SKU000019,"20260601 ",I,10
021,SKU000020,"20260601 ",I,10
021,SKU000021,"20260601 ",I,10
021,SKU000022,"20260601 ",I,10
021,SKU000023,"20260601 ",I,10
021,SKU000024,"20260601 ",I,10
021,SKU000025,"20260601 ",I,10
021,SKU000026,"20260601 ",I,10
021,SKU000027,"20260601 ",I,10
021,SKU000028,"20260601 ",I,10
021,SKU000029,"20260601 ",I,10
021,SKU000030,"20260601 ",I,10
021,SKU000031,"20260601 ",I,10
021,SKU000032,"20260601 ",I,10
021,SKU000033,"20260601 ",I,10
021,SKU000034,"20260601 ",I,10
021,SKU000035,"20260601 ",I,10
021,SKU000036,"20260601 ",I,10
021,SKU000037,"20260601 ",I,10
021,SKU000038,"20260601 ",I,10
021,SKU000039,"20260601 ",I,10
021,SKU000040,"20260601 ",I,10
021,SKU000041,"20260601 ",I,10
021,SKU000042,"20260601 ",I,10
021,SKU000043,"20260601 ",I,10
021,SKU000044,"20260601 ",I,10
021,SKU000045,"20260601 ",I,10
021,SKU000046,"20260601 ",I,10
021,SKU000047,"20260601 ",I,10
021,SKU000048,"20260601 ",I,10
021,SKU000049,"20260601 ",I,10
021,SKU000050,"20260601 ",I,10
021,SKU000051,"20260601 ",I,10
021,SKU000052,"20260601 ",I,10
021,SKU000053,"20260601 ",I,10
021,SKU000054,"20260601 ",I,10
021,SKU000055,"20260601 ",I,10
021,SKU000056,"20260601 ",I,10
021,SKU000057,"20260601 ",I,10
021,SKU000058,"20260601 ",I,10
021,SKU000059,"20260601 ",I,10
021,SKU000060,"20260601 ",I,10
021,SKU000061,"20260601 ",I,10
021,SKU000062,"20260601 ",I,10
021,SKU000063,"20260601 ",I,10
021,SKU000064,"20260601 ",I,10
021,SKU000065,"20260601 ",I,10
021,SKU000066,"20260601 ",I,10
021,SKU000067,"20260601 ",I,10
021,SKU000068,"20260601 ",I,10
021,SKU000069,"20260601 ",I,10
021,SKU000070,"20260601 ",I,10
021,SKU000071,"20260601 ",I,10
021,SKU000072,"20260601 ",I,10
021,SKU000073,"20260601 ",I,10
021,SKU000074,"20260601 ",I,10
021,SKU000075,"20260601 ",I,10
021,SKU000076,"20260601 ",I,10
021,SKU000077,"20260601 ",I,10
021,SKU000078,"20260601 ",I,10
021,SKU000079,"20260601 ",I,10
021,SKU000080,"20260601 ",I,10
021,SKU000081,"20260601 ",I,10
021,SKU000082,"20260601 ",I,10
021,SKU000083,"20260601 ",I,10
021,SKU000084,"20260601 ",I,10
021,SKU000085,"20260601 ",I,10
021,SKU000086,"20260601 ",I,10
021,SKU000087,"20260601 ",I,10
021,SKU000088,"20260601 ",I,10
021,SKU000089,"20260601 ",I,10
021,SKU000090,"20260601 ",I,10
021,SKU000091,"20260601 ",I,10
021,SKU000092,"20260601 ",I,10
021,SKU000093,"20260601 ",I,10
021,SKU000094,"20260601 ",I,10
021,SKU000095,"20260601 ",I,10
021,SKU000096,"20260601 ",I,10
021,SKU000097,"20260601 ",I,10
021,SKU000098,"20260601 ",I,10
021,SKU000099,"20260601 ",I,10
021,SKU000100,"20260601 ",I,10
022,SKU000001,"20260601 ",I,10
022,SKU000002,"20260601 ",I,10
022,SKU000003,"20260601 ",I,10
022,SKU000004,"20260601 ",I,10
022,SKU000005,"20260601 ",I,10
022,SKU000006,"20260601 ",I,10
022,SKU000007,"20260601 ",I,10
022,SKU000008,"20260601 ",I,10
022,SKU000009,"20260601 ",I,10
022,SKU000010,"20260601 ",I,10
022,SKU000011,"20260601 ",I,10
022,SKU000012,"20260601 ",I,10
022,SKU000013,"20260601 ",I,10
022,SKU000014,"20260601 ",I,10
022,SKU000015,"20260601 ",I,10
022,SKU000016,"20260601 ",I,10
022,SKU000017,"20260601 ",I,10
022,SKU000018,"20260601 ",I,10
022,SKU000019,"20260601 ",I,10
022,SKU000020,"20260601 ",I,10
022,SKU000021,"20260601 ",I,10
022,SKU000022,"20260601 ",I,10
022,SKU000023,"20260601 ",I,10
022,SKU000024,"20260601 ",I,10
022,SKU000025,"20260601 ",I,10
022,SKU000026,"20260601 ",I,10
022,SKU000027,"20260601 ",I,10
022,SKU000028,"20260601 ",I,10
022,SKU000029,"20260601 ",I,10
022,SKU000030,"20260601 ",I,10
022,SKU000031,"20260601 ",I,10
022,SKU000032,"20260601 ",I,10
022,SKU000033,"20260601 ",I,10
022,SKU000034,"20260601 ",I,10
022,SKU000035,"20260601 ",I,10
022,SKU000036,"20260601 ",I,10
022,SKU000037,"20260601 ",I,10
022,SKU000038,"20260601 ",I,10
022,SKU000039,"20260601 ",I,10
022,SKU000040,"20260601 ",I,10
022,SKU000041,"20260601 ",I,10
022,SKU000042,"20260601 ",I,10
022,SKU000043,"20260601 ",I,10
022,SKU000044,"20260601 ",I,10
022,SKU000045,"20260601 ",I,10
022,SKU000046,"20260601 ",I,10
022,SKU000047,"20260601 ",I,10
022,SKU000048,"20260601 ",I,10
022,SKU000049,"20260601 ",I,10
022,SKU000050,"20260601 ",I,10
022,SKU000051,"20260601 ",I,10
022,SKU000052,"20260601 ",I,10
022,SKU000053,"20260601 ",I,10
022,SKU000054,"20260601 ",I,10
022,SKU000055,"20260601 ",I,10
022,SKU000056,"20260601 ",I,10
022,SKU000057,"20260601 ",I,10
022,SKU000058,"20260601 ",I,10
022,SKU000059,"20260601 ",I,10
022,SKU000060,"20260601 ",I,10
022,SKU000061,"20260601 ",I,10
022,SKU000062,"20260601 ",I,10
022,SKU000063,"20260601 ",I,10
022,SKU000064,"20260601 ",I,10
022,SKU000065,"20260601 ",I,10
022,SKU000066,"20260601 ",I,10
022,SKU000067,"20260601 ",I,10
022,SKU000068,"20260601 ",I,10
022,SKU000069,"20260601 ",I,10
022,SKU000070,"20260601 ",I,10
022,SKU000071,"20260601 ",I,10
022,SKU000072,"20260601 ",I,10
022,SKU000073,"20260601 ",I,10
022,SKU000074,"20260601 ",I,10
022,SKU000075,"20260601 ",I,10
022,SKU000076,"20260601 ",I,10
022,SKU000077,"20260601 ",I,10
022,SKU000078,"20260601 ",I,10
022,SKU000079,"20260601 ",I,10
022,SKU000080,"20260601 ",I,10
022,SKU000081,"20260601 ",I,10
022,SKU000082,"20260601 ",I,10
022,SKU000083,"20260601 ",I,10
022,SKU000084,"20260601 ",I,10
022,SKU000085,"20260601 ",I,10
022,SKU000086,"20260601 ",I,10
022,SKU000087,"20260601 ",I,10
022,SKU000088,"20260601 ",I,10
022,SKU000089,"20260601 ",I,10
022,SKU000090,"20260601 ",I,10
022,SKU000091,"20260601 ",I,10
022,SKU000092,"20260601 ",I,10
022,SKU000093,"20260601 ",I,10
022,SKU000094,"20260601 ",I,10
022,SKU000095,"20260601 ",I,10
022,SKU000096,"20260601 ",I,10
022,SKU000097,"20260601 ",I,10
022,SKU000098,"20260601 ",I,10
022,SKU000099,"20260601 ",I,10
022,SKU000100,"20260601 ",I,10
023,SKU000001,"20260601 ",I,10
023,SKU000002,"20260601 ",I,10
023,SKU000003,"20260601 ",I,10
023,SKU000004,"20260601 ",I,10
023,SKU000005,"20260601 ",I,10
023,SKU000006,"20260601 ",I,10
023,SKU000007,"20260601 ",I,10
023,SKU000008,"20260601 ",I,10
023,SKU000009,"20260601 ",I,10
023,SKU000010,"20260601 ",I,10
023,SKU000011,"20260601 ",I,10
023,SKU000012,"20260601 ",I,10
023,SKU000013,"20260601 ",I,10
023,SKU000014,"20260601 ",I,10
023,SKU000015,"20260601 ",I,10
023,SKU000016,"20260601 ",I,10
023,SKU000017,"20260601 ",I,10
023,SKU000018,"20260601 ",I,10
023,SKU000019,"20260601 ",I,10
023,SKU000020,"20260601 ",I,10
023,SKU000021,"20260601 ",I,10
023,SKU000022,"20260601 ",I,10
023,SKU000023,"20260601 ",I,10
023,SKU000024,"20260601 ",I,10
023,SKU000025,"20260601 ",I,10
023,SKU000026,"20260601 ",I,10
023,SKU000027,"20260601 ",I,10
023,SKU000028,"20260601 ",I,10
023,SKU000029,"20260601 ",I,10
023,SKU000030,"20260601 ",I,10
023,SKU000031,"20260601 ",I,10
023,SKU000032,"20260601 ",I,10
023,SKU000033,"20260601 ",I,10
023,SKU000034,"20260601 ",I,10
023,SKU000035,"20260601 ",I,10
023,SKU000036,"20260601 ",I,10
023,SKU000037,"20260601 ",I,10
023,SKU000038,"20260601 ",I,10
023,SKU000039,"20260601 ",I,10
023,SKU000040,"20260601 ",I,10
023,SKU000041,"20260601 ",I,10
023,SKU000042,"20260601 ",I,10
023,SKU000043,"20260601 ",I,10
023,SKU000044,"20260601 ",I,10
023,SKU000045,"20260601 ",I,10
023,SKU000046,"20260601 ",I,10
023,SKU000047,"20260601 ",I,10
023,SKU000048,"20260601 ",I,10
023,SKU000049,"20260601 ",I,10
023,SKU000050,"20260601 ",I,10
023,SKU000051,"20260601 ",I,10
023,SKU000052,"20260601 ",I,10
023,SKU000053,"20260601 ",I,10
023,SKU000054,"20260601 ",I,10
023,SKU000055,"20260601 ",I,10
023,SKU000056,"20260601 ",I,10
023,SKU000057,"20260601 ",I,10
023,SKU000058,"20260601 ",I,10
023,SKU000059,"20260601 ",I,10
023,SKU000060,"20260601 ",I,10
023,SKU000061,"20260601 ",I,10
023,SKU000062,"20260601 ",I,10
023,SKU000063,"20260601 ",I,10
023,SKU000064,"20260601 ",I,10
023,SKU000065,"20260601 ",I,10
023,SKU000066,"20260601 ",I,10
023,SKU000067,"20260601 ",I,10
023,SKU000068,"20260601 ",I,10
023,SKU000069,"20260601 ",I,10
023,SKU000070,"20260601 ",I,10
023,SKU000071,"20260601 ",I,10
023,SKU000072,"20260601 ",I,10
023,SKU000073,"20260601 ",I,10
023,SKU000074,"20260601 ",I,10
023,SKU000075,"20260601 ",I,10
023,SKU000076,"20260601 ",I,10
023,SKU000077,"20260601 ",I,10
023,SKU000078,"20260601 ",I,10
023,SKU000079,"20260601 ",I,10
023,SKU000080,"20260601 ",I,10
023,SKU000081,"20260601 ",I,10
023,SKU000082,"20260601 ",I,10
023,SKU000083,"20260601 ",I,10
023,SKU000084,"20260601 ",I,10
023,SKU000085,"20260601 ",I,10
023,SKU000086,"20260601 ",I,10
023,SKU000087,"20260601 ",I,10
023,SKU000088,"20260601 ",I,10
023,SKU000089,"20260601 ",I,10
023,SKU000090,"20260601 ",I,10
023,SKU000091,"20260601 ",I,10
023,SKU000092,"20260601 ",I,10
023,SKU000093,"20260601 ",I,10
023,SKU000094,"20260601 ",I,10
023,SKU000095,"20260601 ",I,10
023,SKU000096,"20260601 ",I,10
023,SKU000097,"20260601 ",I,10
023,SKU000098,"20260601 ",I,10
023,SKU000099,"20260601 ",I,10
023,SKU000100,"20260601 ",I,10
024,SKU000001,"20260601 ",I,10
024,SKU000002,"20260601 ",I,10
024,SKU000003,"20260601 ",I,10
024,SKU000004,"20260601 ",I,10
024,SKU000005,"20260601 ",I,10
024,SKU000006,"20260601 ",I,10
024,SKU000007,"20260601 ",I,10
024,SKU000008,"20260601 ",I,10
024,SKU000009,"20260601 ",I,10
024,SKU000010,"20260601 ",I,10
024,SKU000011,"20260601 ",I,10
024,SKU000012,"20260601 ",I,10
024,SKU000013,"20260601 ",I,10
024,SKU000014,"20260601 ",I,10
024,SKU000015,"20260601 ",I,10
024,SKU000016,"20260601 ",I,10
024,SKU000017,"20260601 ",I,10
024,SKU000018,"20260601 ",I,10
024,SKU000019,"20260601 ",I,10
024,SKU000020,"20260601 ",I,10
024,SKU000021,"20260601 ",I,10
024,SKU000022,"20260601 ",I,10
024,SKU000023,"20260601 ",I,10
024,SKU000024,"20260601 ",I,10
024,SKU000025,"20260601 ",I,10
024,SKU000026,"20260601 ",I,10
024,SKU000027,"20260601 ",I,10
024,SKU000028,"20260601 ",I,10
024,SKU000029,"20260601 ",I,10
024,SKU000030,"20260601 ",I,10
024,SKU000031,"20260601 ",I,10
024,SKU000032,"20260601 ",I,10
024,SKU000033,"20260601 ",I,10
024,SKU000034,"20260601 ",I,10
024,SKU000035,"20260601 ",I,10
024,SKU000036,"20260601 ",I,10
024,SKU000037,"20260601 ",I,10
024,SKU000038,"20260601 ",I,10
024,SKU000039,"20260601 ",I,10
024,SKU000040,"20260601 ",I,10
024,SKU000041,"20260601 ",I,10
024,SKU000042,"20260601 ",I,10
024,SKU000043,"20260601 ",I,10
024,SKU000044,"20260601 ",I,10
024,SKU000045,"20260601 ",I,10
024,SKU000046,"20260601 ",I,10
024,SKU000047,"20260601 ",I,10
024,SKU000048,"20260601 ",I,10
024,SKU000049,"20260601 ",I,10
024,SKU000050,"20260601 ",I,10
024,SKU000051,"20260601 ",I,10
024,SKU000052,"20260601 ",I,10
024,SKU000053,"20260601 ",I,10
024,SKU000054,"20260601 ",I,10
024,SKU000055,"20260601 ",I,10
024,SKU000056,"20260601 ",I,10
024,SKU000057,"20260601 ",I,10
024,SKU000058,"20260601 ",I,10
024,SKU000059,"20260601 ",I,10
024,SKU000060,"20260601 ",I,10
024,SKU000061,"20260601 ",I,10
024,SKU000062,"20260601 ",I,10
024,SKU000063,"20260601 ",I,10
024,SKU000064,"20260601 ",I,10
024,SKU000065,"20260601 ",I,10
024,SKU000066,"20260601 ",I,10
024,SKU000067,"20260601 ",I,10
024,SKU000068,"20260601 ",I,10
024,SKU000069,"20260601 ",I,10
024,SKU000070,"20260601 ",I,10
024,SKU000071,"20260601 ",I,10
024,SKU000072,"20260601 ",I,10
024,SKU000073,"20260601 ",I,10
024,SKU000074,"20260601 ",I,10
024,SKU000075,"20260601 ",I,10
024,SKU000076,"20260601 ",I,10
024,SKU000077,"20260601 ",I,10
024,SKU000078,"20260601 ",I,10
024,SKU000079,"20260601 ",I,10
024,SKU000080,"20260601 ",I,10
024,SKU000081,"20260601 ",I,10
024,SKU000082,"20260601 ",I,10
024,SKU000083,"20260601 ",I,10
024,SKU000084,"20260601 ",I,10
024,SKU000085,"20260601 ",I,10
024,SKU000086,"20260601 ",I,10
024,SKU000087,"20260601 ",I,10
024,SKU000088,"20260601 ",I,10
024,SKU000089,"20260601 ",I,10
024,SKU000090,"20260601 ",I,10
024,SKU000091,"20260601 ",I,10
024,SKU000092,"20260601 ",I,10
024,SKU000093,"20260601 ",I,10
024,SKU000094,"20260601 ",I,10
024,SKU000095,"20260601 ",I,10
024,SKU000096,"20260601 ",I,10
024,SKU000097,"20260601 ",I,10
024,SKU000098,"20260601 ",I,10
024,SKU000099,"20260601 ",I,10
024,SKU000100,"20260601 ",I,10
025,SKU000001,"20260601 ",I,10
025,SKU000002,"20260601 ",I,10
025,SKU000003,"20260601 ",I,10
025,SKU000004,"20260601 ",I,10
025,SKU000005,"20260601 ",I,10
025,SKU000006,"20260601 ",I,10
025,SKU000007,"20260601 ",I,10
025,SKU000008,"20260601 ",I,10
025,SKU000009,"20260601 ",I,10
025,SKU000010,"20260601 ",I,10
025,SKU000011,"20260601 ",I,10
025,SKU000012,"20260601 ",I,10
025,SKU000013,"20260601 ",I,10
025,SKU000014,"20260601 ",I,10
025,SKU000015,"20260601 ",I,10
025,SKU000016,"20260601 ",I,10
025,SKU000017,"20260601 ",I,10
025,SKU000018,"20260601 ",I,10
025,SKU000019,"20260601 ",I,10
025,SKU000020,"20260601 ",I,10
025,SKU000021,"20260601 ",I,10
025,SKU000022,"20260601 ",I,10
025,SKU000023,"20260601 ",I,10
025,SKU000024,"20260601 ",I,10
025,SKU000025,"20260601 ",I,10
025,SKU000026,"20260601 ",I,10
025,SKU000027,"20260601 ",I,10
025,SKU000028,"20260601 ",I,10
025,SKU000029,"20260601 ",I,10
025,SKU000030,"20260601 ",I,10
025,SKU000031,"20260601 ",I,10
025,SKU000032,"20260601 ",I,10
025,SKU000033,"20260601 ",I,10
025,SKU000034,"20260601 ",I,10
025,SKU000035,"20260601 ",I,10
025,SKU000036,"20260601 ",I,10
025,SKU000037,"20260601 ",I,10
025,SKU000038,"20260601 ",I,10
025,SKU000039,"20260601 ",I,10
025,SKU000040,"20260601 ",I,10
025,SKU000041,"20260601 ",I,10
025,SKU000042,"20260601 ",I,10
025,SKU000043,"20260601 ",I,10
025,SKU000044,"20260601 ",I,10
025,SKU000045,"20260601 ",I,10
025,SKU000046,"20260601 ",I,10
025,SKU000047,"20260601 ",I,10
025,SKU000048,"20260601 ",I,10
025,SKU000049,"20260601 ",I,10
025,SKU000050,"20260601 ",I,10
025,SKU000051,"20260601 ",I,10
025,SKU000052,"20260601 ",I,10
025,SKU000053,"20260601 ",I,10
025,SKU000054,"20260601 ",I,10
025,SKU000055,"20260601 ",I,10
025,SKU000056,"20260601 ",I,10
025,SKU000057,"20260601 ",I,10
025,SKU000058,"20260601 ",I,10
025,SKU000059,"20260601 ",I,10
025,SKU000060,"20260601 ",I,10
025,SKU000061,"20260601 ",I,10
025,SKU000062,"20260601 ",I,10
025,SKU000063,"20260601 ",I,10
025,SKU000064,"20260601 ",I,10
025,SKU000065,"20260601 ",I,10
025,SKU000066,"20260601 ",I,10
025,SKU000067,"20260601 ",I,10
025,SKU000068,"20260601 ",I,10
025,SKU000069,"20260601 ",I,10
025,SKU000070,"20260601 ",I,10
025,SKU000071,"20260601 ",I,10
025,SKU000072,"20260601 ",I,10
025,SKU000073,"20260601 ",I,10
025,SKU000074,"20260601 ",I,10
025,SKU000075,"20260601 ",I,10
025,SKU000076,"20260601 ",I,10
025,SKU000077,"20260601 ",I,10
025,SKU000078,"20260601 ",I,10
025,SKU000079,"20260601 ",I,10
025,SKU000080,"20260601 ",I,10
025,SKU000081,"20260601 ",I,10
025,SKU000082,"20260601 ",I,10
025,SKU000083,"20260601 ",I,10
025,SKU000084,"20260601 ",I,10
025,SKU000085,"20260601 ",I,10
025,SKU000086,"20260601 ",I,10
025,SKU000087,"20260601 ",I,10
025,SKU000088,"20260601 ",I,10
025,SKU000089,"20260601 ",I,10
025,SKU000090,"20260601 ",I,10
025,SKU000091,"20260601 ",I,10
025,SKU000092,"20260601 ",I,10
025,SKU000093,"20260601 ",I,10
025,SKU000094,"20260601 ",I,10
025,SKU000095,"20260601 ",I,10
025,SKU000096,"20260601 ",I,10
025,SKU000097,"20260601 ",I,10
025,SKU000098,"20260601 ",I,10
025,SKU000099,"20260601 ",I,10
025,SKU000100,"20260601 ",I,10
026,SKU000001,"20260601 ",I,10
026,SKU000002,"20260601 ",I,10
026,SKU000003,"20260601 ",I,10
026,SKU000004,"20260601 ",I,10
026,SKU000005,"20260601 ",I,10
026,SKU000006,"20260601 ",I,10
026,SKU000007,"20260601 ",I,10
026,SKU000008,"20260601 ",I,10
026,SKU000009,"20260601 ",I,10
026,SKU000010,"20260601 ",I,10
026,SKU000011,"20260601 ",I,10
026,SKU000012,"20260601 ",I,10
026,SKU000013,"20260601 ",I,10
026,SKU000014,"20260601 ",I,10
026,SKU000015,"20260601 ",I,10
026,SKU000016,"20260601 ",I,10
026,SKU000017,"20260601 ",I,10
026,SKU000018,"20260601 ",I,10
026,SKU000019,"20260601 ",I,10
026,SKU000020,"20260601 ",I,10
026,SKU000021,"20260601 ",I,10
026,SKU000022,"20260601 ",I,10
026,SKU000023,"20260601 ",I,10
026,SKU000024,"20260601 ",I,10
026,SKU000025,"20260601 ",I,10
026,SKU000026,"20260601 ",I,10
026,SKU000027,"20260601 ",I,10
026,SKU000028,"20260601 ",I,10
026,SKU000029,"20260601 ",I,10
026,SKU000030,"20260601 ",I,10
026,SKU000031,"20260601 ",I,10
026,SKU000032,"20260601 ",I,10
026,SKU000033,"20260601 ",I,10
026,SKU000034,"20260601 ",I,10
026,SKU000035,"20260601 ",I,10
026,SKU000036,"20260601 ",I,10
026,SKU000037,"20260601 ",I,10
026,SKU000038,"20260601 ",I,10
026,SKU000039,"20260601 ",I,10
026,SKU000040,"20260601 ",I,10
026,SKU000041,"20260601 ",I,10
026,SKU000042,"20260601 ",I,10
026,SKU000043,"20260601 ",I,10
026,SKU000044,"20260601 ",I,10
026,SKU000045,"20260601 ",I,10
026,SKU000046,"20260601 ",I,10
026,SKU000047,"20260601 ",I,10
026,SKU000048,"20260601 ",I,10
026,SKU000049,"20260601 ",I,10
026,SKU000050,"20260601 ",I,10
026,SKU000051,"20260601 ",I,10
026,SKU000052,"20260601 ",I,10
026,SKU000053,"20260601 ",I,10
026,SKU000054,"20260601 ",I,10
026,SKU000055,"20260601 ",I,10
026,SKU000056,"20260601 ",I,10
026,SKU000057,"20260601 ",I,10
026,SKU000058,"20260601 ",I,10
026,SKU000059,"20260601 ",I,10
026,SKU000060,"20260601 ",I,10
026,SKU000061,"20260601 ",I,10
026,SKU000062,"20260601 ",I,10
026,SKU000063,"20260601 ",I,10
026,SKU000064,"20260601 ",I,10
026,SKU000065,"20260601 ",I,10
026,SKU000066,"20260601 ",I,10
026,SKU000067,"20260601 ",I,10
026,SKU000068,"20260601 ",I,10
026,SKU000069,"20260601 ",I,10
026,SKU000070,"20260601 ",I,10
026,SKU000071,"20260601 ",I,10
026,SKU000072,"20260601 ",I,10
026,SKU000073,"20260601 ",I,10
026,SKU000074,"20260601 ",I,10
026,SKU000075,"20260601 ",I,10
026,SKU000076,"20260601 ",I,10
026,SKU000077,"20260601 ",I,10
026,SKU000078,"20260601 ",I,10
026,SKU000079,"20260601 ",I,10
026,SKU000080,"20260601 ",I,10
026,SKU000081,"20260601 ",I,10
026,SKU000082,"20260601 ",I,10
026,SKU000083,"20260601 ",I,10
026,SKU000084,"20260601 ",I,10
026,SKU000085,"20260601 ",I,10
026,SKU000086,"20260601 ",I,10
026,SKU000087,"20260601 ",I,10
026,SKU000088,"20260601 ",I,10
026,SKU000089,"20260601 ",I,10
026,SKU000090,"20260601 ",I,10
026,SKU000091,"20260601 ",I,10
026,SKU000092,"20260601 ",I,10
026,SKU000093,"20260601 ",I,10
026,SKU000094,"20260601 ",I,10
026,SKU000095,"20260601 ",I,10
026,SKU000096,"20260601 ",I,10
026,SKU000097,"20260601 ",I,10
026,SKU000098,"20260601 ",I,10
026,SKU000099,"20260601 ",I,10
026,SKU000100,"20260601 ",I,10
027,SKU000001,"20260601 ",I,10
027,SKU000002,"20260601 ",I,10
027,SKU000003,"20260601 ",I,10
027,SKU000004,"20260601 ",I,10
027,SKU000005,"20260601 ",I,10
027,SKU000006,"20260601 ",I,10
027,SKU000007,"20260601 ",I,10
027,SKU000008,"20260601 ",I,10
027,SKU000009,"20260601 ",I,10
027,SKU000010,"20260601 ",I,10
027,SKU000011,"20260601 ",I,10
027,SKU000012,"20260601 ",I,10
027,SKU000013,"20260601 ",I,10
027,SKU000014,"20260601 ",I,10
027,SKU000015,"20260601 ",I,10
027,SKU000016,"20260601 ",I,10
027,SKU000017,"20260601 ",I,10
027,SKU000018,"20260601 ",I,10
027,SKU000019,"20260601 ",I,10
027,SKU000020,"20260601 ",I,10
027,SKU000021,"20260601 ",I,10
027,SKU000022,"20260601 ",I,10
027,SKU000023,"20260601 ",I,10
027,SKU000024,"20260601 ",I,10
027,SKU000025,"20260601 ",I,10
027,SKU000026,"20260601 ",I,10
027,SKU000027,"20260601 ",I,10
027,SKU000028,"20260601 ",I,10
027,SKU000029,"20260601 ",I,10
027,SKU000030,"20260601 ",I,10
027,SKU000031,"20260601 ",I,10
027,SKU000032,"20260601 ",I,10
027,SKU000033,"20260601 ",I,10
027,SKU000034,"20260601 ",I,10
027,SKU000035,"20260601 ",I,10
027,SKU000036,"20260601 ",I,10
027,SKU000037,"20260601 ",I,10
027,SKU000038,"20260601 ",I,10
027,SKU000039,"20260601 ",I,10
027,SKU000040,"20260601 ",I,10
027,SKU000041,"20260601 ",I,10
027,SKU000042,"20260601 ",I,10
027,SKU000043,"20260601 ",I,10
027,SKU000044,"20260601 ",I,10
027,SKU000045,"20260601 ",I,10
027,SKU000046,"20260601 ",I,10
027,SKU000047,"20260601 ",I,10
027,SKU000048,"20260601 ",I,10
027,SKU000049,"20260601 ",I,10
027,SKU000050,"20260601 ",I,10
027,SKU000051,"20260601 ",I,10
027,SKU000052,"20260601 ",I,10
027,SKU000053,"20260601 ",I,10
027,SKU000054,"20260601 ",I,10
027,SKU000055,"20260601 ",I,10
027,SKU000056,"20260601 ",I,10
027,SKU000057,"20260601 ",I,10
027,SKU000058,"20260601 ",I,10
027,SKU000059,"20260601 ",I,10
027,SKU000060,"20260601 ",I,10
027,SKU000061,"20260601 ",I,10
027,SKU000062,"20260601 ",I,10
027,SKU000063,"20260601 ",I,10
027,SKU000064,"20260601 ",I,10
027,SKU000065,"20260601 ",I,10
027,SKU000066,"20260601 ",I,10
027,SKU000067,"20260601 ",I,10
027,SKU000068,"20260601 ",I,10
027,SKU000069,"20260601 ",I,10
027,SKU000070,"20260601 ",I,10
027,SKU000071,"20260601 ",I,10
027,SKU000072,"20260601 ",I,10
027,SKU000073,"20260601 ",I,10
027,SKU000074,"20260601 ",I,10
027,SKU000075,"20260601 ",I,10
027,SKU000076,"20260601 ",I,10
027,SKU000077,"20260601 ",I,10
027,SKU000078,"20260601 ",I,10
027,SKU000079,"20260601 ",I,10
027,SKU000080,"20260601 ",I,10
027,SKU000081,"20260601 ",I,10
027,SKU000082,"20260601 ",I,10
027,SKU000083,"20260601 ",I,10
027,SKU000084,"20260601 ",I,10
027,SKU000085,"20260601 ",I,10
027,SKU000086,"20260601 ",I,10
027,SKU000087,"20260601 ",I,10
027,SKU000088,"20260601 ",I,10
027,SKU000089,"20260601 ",I,10
027,SKU000090,"20260601 ",I,10
027,SKU000091,"20260601 ",I,10
027,SKU000092,"20260601 ",I,10
027,SKU000093,"20260601 ",I,10
027,SKU000094,"20260601 ",I,10
027,SKU000095,"20260601 ",I,10
027,SKU000096,"20260601 ",I,10
027,SKU000097,"20260601 ",I,10
027,SKU000098,"20260601 ",I,10
027,SKU000099,"20260601 ",I,10
027,SKU000100,"20260601 ",I,10
028,SKU000001,"20260601 ",I,10
028,SKU000002,"20260601 ",I,10
028,SKU000003,"20260601 ",I,10
028,SKU000004,"20260601 ",I,10
028,SKU000005,"20260601 ",I,10
028,SKU000006,"20260601 ",I,10
028,SKU000007,"20260601 ",I,10
028,SKU000008,"20260601 ",I,10
028,SKU000009,"20260601 ",I,10
028,SKU000010,"20260601 ",I,10
028,SKU000011,"20260601 ",I,10
028,SKU000012,"20260601 ",I,10
028,SKU000013,"20260601 ",I,10
028,SKU000014,"20260601 ",I,10
028,SKU000015,"20260601 ",I,10
028,SKU000016,"20260601 ",I,10
028,SKU000017,"20260601 ",I,10
028,SKU000018,"20260601 ",I,10
028,SKU000019,"20260601 ",I,10
028,SKU000020,"20260601 ",I,10
028,SKU000021,"20260601 ",I,10
028,SKU000022,"20260601 ",I,10
028,SKU000023,"20260601 ",I,10
028,SKU000024,"20260601 ",I,10
028,SKU000025,"20260601 ",I,10
028,SKU000026,"20260601 ",I,10
028,SKU000027,"20260601 ",I,10
028,SKU000028,"20260601 ",I,10
028,SKU000029,"20260601 ",I,10
028,SKU000030,"20260601 ",I,10
028,SKU000031,"20260601 ",I,10
028,SKU000032,"20260601 ",I,10
028,SKU000033,"20260601 ",I,10
028,SKU000034,"20260601 ",I,10
028,SKU000035,"20260601 ",I,10
028,SKU000036,"20260601 ",I,10
028,SKU000037,"20260601 ",I,10
028,SKU000038,"20260601 ",I,10
028,SKU000039,"20260601 ",I,10
028,SKU000040,"20260601 ",I,10
028,SKU000041,"20260601 ",I,10
028,SKU000042,"20260601 ",I,10
028,SKU000043,"20260601 ",I,10
028,SKU000044,"20260601 ",I,10
028,SKU000045,"20260601 ",I,10
028,SKU000046,"20260601 ",I,10
028,SKU000047,"20260601 ",I,10
028,SKU000048,"20260601 ",I,10
028,SKU000049,"20260601 ",I,10
028,SKU000050,"20260601 ",I,10
028,SKU000051,"20260601 ",I,10
028,SKU000052,"20260601 ",I,10
028,SKU000053,"20260601 ",I,10
028,SKU000054,"20260601 ",I,10
028,SKU000055,"20260601 ",I,10
028,SKU000056,"20260601 ",I,10
028,SKU000057,"20260601 ",I,10
028,SKU000058,"20260601 ",I,10
028,SKU000059,"20260601 ",I,10
028,SKU000060,"20260601 ",I,10
028,SKU000061,"20260601 ",I,10
028,SKU000062,"20260601 ",I,10
028,SKU000063,"20260601 ",I,10
028,SKU000064,"20260601 ",I,10
028,SKU000065,"20260601 ",I,10
028,SKU000066,"20260601 ",I,10
028,SKU000067,"20260601 ",I,10
028,SKU000068,"20260601 ",I,10
028,SKU000069,"20260601 ",I,10
028,SKU000070,"20260601 ",I,10
028,SKU000071,"20260601 ",I,10
028,SKU000072,"20260601 ",I,10
028,SKU000073,"20260601 ",I,10
028,SKU000074,"20260601 ",I,10
028,SKU000075,"20260601 ",I,10
028,SKU000076,"20260601 ",I,10
028,SKU000077,"20260601 ",I,10
028,SKU000078,"20260601 ",I,10
028,SKU000079,"20260601 ",I,10
028,SKU000080,"20260601 ",I,10
028,SKU000081,"20260601 ",I,10
028,SKU000082,"20260601 ",I,10
028,SKU000083,"20260601 ",I,10
028,SKU000084,"20260601 ",I,10
028,SKU000085,"20260601 ",I,10
028,SKU000086,"20260601 ",I,10
028,SKU000087,"20260601 ",I,10
028,SKU000088,"20260601 ",I,10
028,SKU000089,"20260601 ",I,10
028,SKU000090,"20260601 ",I,10
028,SKU000091,"20260601 ",I,10
028,SKU000092,"20260601 ",I,10
028,SKU000093,"20260601 ",I,10
028,SKU000094,"20260601 ",I,10
028,SKU000095,"20260601 ",I,10
028,SKU000096,"20260601 ",I,10
028,SKU000097,"20260601 ",I,10
028,SKU000098,"20260601 ",I,10
028,SKU000099,"20260601 ",I,10
028,SKU000100,"20260601 ",I,10
029,SKU000001,"20260601 ",I,10
029,SKU000002,"20260601 ",I,10
029,SKU000003,"20260601 ",I,10
029,SKU000004,"20260601 ",I,10
029,SKU000005,"20260601 ",I,10
029,SKU000006,"20260601 ",I,10
029,SKU000007,"20260601 ",I,10
029,SKU000008,"20260601 ",I,10
029,SKU000009,"20260601 ",I,10
029,SKU000010,"20260601 ",I,10
029,SKU000011,"20260601 ",I,10
029,SKU000012,"20260601 ",I,10
029,SKU000013,"20260601 ",I,10
029,SKU000014,"20260601 ",I,10
029,SKU000015,"20260601 ",I,10
029,SKU000016,"20260601 ",I,10
029,SKU000017,"20260601 ",I,10
029,SKU000018,"20260601 ",I,10
029,SKU000019,"20260601 ",I,10
029,SKU000020,"20260601 ",I,10
029,SKU000021,"20260601 ",I,10
029,SKU000022,"20260601 ",I,10
029,SKU000023,"20260601 ",I,10
029,SKU000024,"20260601 ",I,10
029,SKU000025,"20260601 ",I,10
029,SKU000026,"20260601 ",I,10
029,SKU000027,"20260601 ",I,10
029,SKU000028,"20260601 ",I,10
029,SKU000029,"20260601 ",I,10
029,SKU000030,"20260601 ",I,10
029,SKU000031,"20260601 ",I,10
029,SKU000032,"20260601 ",I,10
029,SKU000033,"20260601 ",I,10
029,SKU000034,"20260601 ",I,10
029,SKU000035,"20260601 ",I,10
029,SKU000036,"20260601 ",I,10
029,SKU000037,"20260601 ",I,10
029,SKU000038,"20260601 ",I,10
029,SKU000039,"20260601 ",I,10
029,SKU000040,"20260601 ",I,10
029,SKU000041,"20260601 ",I,10
029,SKU000042,"20260601 ",I,10
029,SKU000043,"20260601 ",I,10
029,SKU000044,"20260601 ",I,10
029,SKU000045,"20260601 ",I,10
029,SKU000046,"20260601 ",I,10
029,SKU000047,"20260601 ",I,10
029,SKU000048,"20260601 ",I,10
029,SKU000049,"20260601 ",I,10
029,SKU000050,"20260601 ",I,10
029,SKU000051,"20260601 ",I,10
029,SKU000052,"20260601 ",I,10
029,SKU000053,"20260601 ",I,10
029,SKU000054,"20260601 ",I,10
029,SKU000055,"20260601 ",I,10
029,SKU000056,"20260601 ",I,10
029,SKU000057,"20260601 ",I,10
029,SKU000058,"20260601 ",I,10
029,SKU000059,"20260601 ",I,10
029,SKU000060,"20260601 ",I,10
029,SKU000061,"20260601 ",I,10
029,SKU000062,"20260601 ",I,10
029,SKU000063,"20260601 ",I,10
029,SKU000064,"20260601 ",I,10
029,SKU000065,"20260601 ",I,10
029,SKU000066,"20260601 ",I,10
029,SKU000067,"20260601 ",I,10
029,SKU000068,"20260601 ",I,10
029,SKU000069,"20260601 ",I,10
029,SKU000070,"20260601 ",I,10
029,SKU000071,"20260601 ",I,10
029,SKU000072,"20260601 ",I,10
029,SKU000073,"20260601 ",I,10
029,SKU000074,"20260601 ",I,10
029,SKU000075,"20260601 ",I,10
029,SKU000076,"20260601 ",I,10
029,SKU000077,"20260601 ",I,10
029,SKU000078,"20260601 ",I,10
029,SKU000079,"20260601 ",I,10
029,SKU000080,"20260601 ",I,10
029,SKU000081,"20260601 ",I,10
029,SKU000082,"20260601 ",I,10
029,SKU000083,"20260601 ",I,10
029,SKU000084,"20260601 ",I,10
029,SKU000085,"20260601 ",I,10
029,SKU000086,"20260601 ",I,10
029,SKU000087,"20260601 ",I,10
029,SKU000088,"20260601 ",I,10
029,SKU000089,"20260601 ",I,10
029,SKU000090,"20260601 ",I,10
029,SKU000091,"20260601 ",I,10
029,SKU000092,"20260601 ",I,10
029,SKU000093,"20260601 ",I,10
029,SKU000094,"20260601 ",I,10
029,SKU000095,"20260601 ",I,10
029,SKU000096,"20260601 ",I,10
029,SKU000097,"20260601 ",I,10
029,SKU000098,"20260601 ",I,10
029,SKU000099,"20260601 ",I,10
029,SKU000100,"20260601 ",I,10
001,SKU000002,"20260601 ",S,-2
001,SKU000003,"20260601 ",S,-3
001,SKU000004,"20260601 ",S,-1
001,SKU000004,"20260601 ",R,1
001,SKU000005,"20260601 ",R,2
001,SKU000006,"20260601 ",R,3
001,SKU000005,"20260601 ",S,-2
002,SKU000006,"20260601 ",R,3
002,SKU000007,"20260601 ",R,1
002,SKU000007,"20260601 ",S,-1
002,SKU000008,"20260601 ",S,-2
002,SKU000009,"20260601 ",S,-3
002,SKU000008,"20260601 ",S,-2
002,SKU000009,"20260601 ",R,3
002,SKU000010,"20260601 ",R,1
003,SKU000010,"20260601 ",S,-1
003,SKU000011,"20260601 ",S,-2
003,SKU000012,"20260601 ",S,-3
003,SKU000011,"20260601 ",R,2
003,SKU000012,"20260601 ",S,-3
003,SKU000013,"20260601 ",S,-1
003,SKU000013,"20260601 ",S,-1
003,SKU000014,"20260601 ",S,-2
003,SKU000015,"20260601 ",S,-3
004,SKU000014,"20260601 ",S,-2
004,SKU000015,"20260601 ",S,-3
004,SKU000016,"20260601 ",S,-1
004,SKU000016,"20260601 ",R,1
004,SKU000017,"20260601 ",R,2
004,SKU000018,"20260601 ",R,3
004,SKU000017,"20260601 ",S,-2
005,SKU000018,"20260601 ",R,3
005,SKU000019,"20260601 ",R,1
005,SKU000019,"20260601 ",S,-1
005,SKU000020,"20260601 ",S,-2
005,SKU000021,"20260601 ",S,-3
005,SKU000020,"20260601 ",S,-2
005,SKU000021,"20260601 ",R,3
005,SKU000022,"20260601 ",R,1
006,SKU000022,"20260601 ",S,-1
006,SKU000023,"20260601 ",S,-2
006,SKU000024,"20260601 ",S,-3
006,SKU000023,"20260601 ",R,2
006,SKU000024,"20260601 ",S,-3
006,SKU000025,"20260601 ",S,-1
006,SKU000025,"20260601 ",S,-1
006,SKU000026,"20260601 ",S,-2
006,SKU000027,"20260601 ",S,-3
007,SKU000026,"20260601 ",S,-2
007,SKU000027,"20260601 ",S,-3
007,SKU000028,"20260601 ",S,-1
007,SKU000028,"20260601 ",R,1
007,SKU000029,"20260601 ",R,2
007,SKU000030,"20260601 ",R,3
007,SKU000029,"20260601 ",S,-2
008,SKU000030,"20260601 ",S,-3
008,SKU000031,"20260601 ",S,-1
008,SKU000031,"20260601 ",S,-1
008,SKU000032,"20260601 ",S,-2
008,SKU000033,"20260601 ",S,-3
008,SKU000032,"20260601 ",S,-2
008,SKU000033,"20260601 ",R,3
008,SKU000034,"20260601 ",R,1
009,SKU000034,"20260601 ",R,1
009,SKU000035,"20260601 ",R,2
009,SKU000036,"20260601 ",R,3
009,SKU000035,"20260601 ",S,-2
009,SKU000036,"20260601 ",S,-3
009,SKU000037,"20260601 ",S,-1
009,SKU000037,"20260601 ",S,-1
009,SKU000038,"20260601 ",S,-2
009,SKU000039,"20260601 ",S,-3
010,SKU000038,"20260601 ",S,-2
010,SKU000039,"20260601 ",R,3
010,SKU000040,"20260601 ",R,1
010,SKU000040,"20260601 ",S,-1
010,SKU000041,"20260601 ",S,-2
010,SKU000042,"20260601 ",S,-3
010,SKU000041,"20260601 ",S,-2
011,SKU000042,"20260601 ",S,-3
011,SKU000043,"20260601 ",S,-1
011,SKU000043,"20260601 ",S,-1
011,SKU000044,"20260601 ",S,-2
011,SKU000045,"20260601 ",S,-3
011,SKU000044,"20260601 ",R,2
011,SKU000045,"20260601 ",S,-3
011,SKU000046,"20260601 ",S,-1
012,SKU000046,"20260601 ",R,1
012,SKU000047,"20260601 ",R,2
012,SKU000048,"20260601 ",R,3
012,SKU000047,"20260601 ",S,-2
012,SKU000048,"20260601 ",S,-3
012,SKU000049,"20260601 ",S,-1
012,SKU000049,"20260601 ",R,1
012,SKU000050,"20260601 ",R,2
012,SKU000051,"20260601 ",R,3
013,SKU000050,"20260601 ",S,-2
013,SKU000051,"20260601 ",R,3
013,SKU000052,"20260601 ",R,1
013,SKU000052,"20260601 ",S,-1
013,SKU000053,"20260601 ",S,-2
013,SKU000054,"20260601 ",S,-3
013,SKU000053,"20260601 ",S,-2
014,SKU000054,"20260601 ",S,-3
014,SKU000055,"20260601 ",S,-1
014,SKU000055,"20260601 ",S,-1
014,SKU000056,"20260601 ",S,-2
014,SKU000057,"20260601 ",S,-3
014,SKU000056,"20260601 ",R,2
015,SKU000057,"20260601 ",R,3
015,SKU000058,"20260601 ",R,1
015,SKU000058,"20260601 ",S,-1
015,SKU000059,"20260601 ",S,-2
015,SKU000060,"20260601 ",S,-3
015,SKU000059,"20260601 ",S,-2
016,SKU000060,"20260601 ",S,-3
016,SKU000061,"20260601 ",S,-1
016,SKU000061,"20260601 ",R,1
016,SKU000062,"20260601 ",R,2
016,SKU000063,"20260601 ",R,3
016,SKU000062,"20260601 ",S,-2
017,SKU000063,"20260601 ",S,-3
017,SKU000064,"20260601 ",S,-1
017,SKU000064,"20260601 ",S,-1
017,SKU000065,"20260601 ",S,-2
017,SKU000066,"20260601 ",S,-3
017,SKU000065,"20260601 ",R,2
018,SKU000066,"20260601 ",S,-3
018,SKU000067,"20260601 ",S,-1
018,SKU000067,"20260601 ",S,-1
018,SKU000068,"20260601 ",S,-2
018,SKU000069,"20260601 ",S,-3
018,SKU000068,"20260601 ",S,-2
019,SKU000069,"20260601 ",R,3
019,SKU000070,"20260601 ",R,1
019,SKU000070,"20260601 ",S,-1
019,SKU000071,"20260601 ",S,-2
019,SKU000072,"20260601 ",S,-3
019,SKU000071,"20260601 ",S,-2
020,SKU000072,"20260601 ",S,-3
020,SKU000073,"20260601 ",S,-1
020,SKU000073,"20260601 ",R,1
020,SKU000074,"20260601 ",R,2
020,SKU000075,"20260601 ",R,3
020,SKU000074,"20260601 ",S,-2
021,SKU000075,"20260601 ",S,-3
021,SKU000076,"20260601 ",S,-1
021,SKU000076,"20260601 ",S,-1
021,SKU000077,"20260601 ",S,-2
021,SKU000078,"20260601 ",S,-3
021,SKU000077,"20260601 ",R,2
022,SKU000078,"20260601 ",R,3
022,SKU000079,"20260601 ",R,1
022,SKU000079,"20260601 ",S,-1
022,SKU000080,"20260601 ",S,-2
022,SKU000081,"20260601 ",S,-3
022,SKU000080,"20260601 ",S,-2
023,SKU000081,"20260601 ",S,-3
023,SKU000082,"20260601 ",S,-1
023,SKU000082,"20260601 ",R,1
023,SKU000083,"20260601 ",R,2
023,SKU000084,"20260601 ",R,3
023,SKU000083,"20260601 ",S,-2
024,SKU000084,"20260601 ",S,-3
024,SKU000085,"20260601 ",S,-1
024,SKU000085,"20260601 ",S,-1
024,SKU000086,"20260601 ",S,-2
024,SKU000087,"20260601 ",S,-3
024,SKU000086,"20260601 ",R,2
025,SKU000087,"20260601 ",R,3
025,SKU000088,"20260601 ",R,1
025,SKU000088,"20260601 ",S,-1
025,SKU000089,"20260601 ",S,-2
025,SKU000090,"20260601 ",S,-3
025,SKU000089,"20260601 ",S,-2
026,SKU000090,"20260601 ",S,-3
026,SKU000091,"20260601 ",S,-1
026,SKU000091,"20260601 ",R,1
026,SKU000092,"20260601 ",R,2
026,SKU000093,"20260601 ",R,3
026,SKU000092,"20260601 ",S,-2
027,SKU000093,"20260601 ",S,-3
027,SKU000094,"20260601 ",S,-1
027,SKU000094,"20260601 ",S,-1
027,SKU000095,"20260601 ",S,-2
027,SKU000096,"20260601 ",S,-3
027,SKU000095,"20260601 ",R,2
028,SKU000096,"20260601 ",S,-3
028,SKU000097,"20260601 ",S,-1
028,SKU000097,"20260601 ",S,-1
028,SKU000098,"20260601 ",S,-2
028,SKU000099,"20260601 ",S,-3
028,SKU000098,"20260601 ",S,-2
029,SKU000099,"20260601 ",R,3
029,SKU000100,"20260601 ",R,1
029,SKU000001,"20260601 ",S,-2
029,SKU000002,"20260601 ",S,-3
029,SKU000100,"20260601 ",S,-1
029,SKU000001,"20260601 ",S,-2
